subspecies	pallidum	#fc8d62
subspecies	pertenue	#66c2a5
subspecies	endemicum	#8da0cb
subspecies	other	#737373
subspecies	unassigned	#AAAAAA

lineage	SS14	#f4a582
lineage	Nichols	#fdcdac
lineage	unassigned	#AAAAAA

proteoform_BamA	bamA α	#56203D
proteoform_BamA	bamA β	#56638A
proteoform_BamA	bamA γ	#63A088
proteoform_BamA	unassigned	#AAAAAA

region	Africa	#2ec38f
region	China	#89a43b
region	Asia	#89a43b
region	Europe	#3e9587
region	Japan/Korea	#a3863b
region	North America	#8338ab
region	Oceania	#e1781b
region	South America	#2324d5
region	South Asia	#57af37
region	Southeast Asia	#b0c42d
region	West Asia	#3aa550
region	unassigned	#AAAAAA

country	Afghanistan	#44a53a
country	Albania	#3c9e7f
country	Algeria	#38aba7
country	American Samoa	#d62338
country	Andorra	#3c9c9b
country	Angola	#24d3a3
country	Antigua and Barbuda	#3b34b6
country	Argentina	#2811ed
country	Armenia	#3c9e56
country	Aruba	#4c32bb
country	Australia	#e0b11b
country	Austria	#3e9783
country	Azerbaijan	#3c9e51
country	Bahamas	#5e37ae
country	Bahrain	#38ad4c
country	Bangladesh	#72af37
country	Barbados	#3432ba
country	Belarus	#3f916b
country	Belgium	#3e948f
country	Belize	#7634b6
country	Benin	#31bdba
country	Bermuda	#453aa7
country	Bhutan	#72ab38
country	Bolivia	#3421d9
country	Bonaire	#4832bb
country	Bosnia and Herzegovina	#3d9b81
country	Botswana	#1cdf92
country	Brazil	#2535d2
country	Brunei	#b5c32e
country	Bulgaria	#3d9c75
country	Burkina Faso	#32b4ba
country	Burundi	#2acb7d
country	Cabo Verde	#3480b7
country	Cambodia	#97ba32
country	Cameroon	#2ec3a4
country	Canada	#7d3f8a
country	Cayman Islands	#6235b3
country	Central African Republic	#2fc092
country	Chad	#33b890
country	Chile	#4215e7
country	China	#89a63a
country	Colombia	#532dc4
country	Costa Rica	#6c31bd
country	Côte d'Ivoire	#30afbf
country	Croatia	#3d9a84
country	Cuba	#6437b0
country	Curacao	#4a32bb
country	Cyprus	#3ba46b
country	Czech Republic	#3e9580
country	Congo	#29cb93
country	Denmark	#3f8e83
country	Djibouti	#32bb5b
country	Dominica	#3933b8
country	Dominican Republic	#4e35b4
country	Ecuador	#5e2bc8
country	Egypt	#38ac72
country	El Salvador	#7733b9
country	Equatorial Guinea	#2cc6ad
country	Estonia	#3f8c6c
country	Eswatini	#1ae27c
country	Ethiopia	#30be60
country	Fiji	#da2320
country	Finland	#3f896a
country	France	#3d9997
country	French Polynesia	#d82183
country	Gabon	#2bc8ac
country	Gambia	#3294ba
country	Georgia	#3c9d58
country	Germany	#3e9486
country	Ghana	#30babf
country	Gibraltar	#3b98a3
country	Greece	#3ca07d
country	Grenada	#3932bb
country	Guadeloupe	#3a34b7
country	Guam	#ba8232
country	Guatemala	#7933b8
country	Guinea	#31a1bc
country	Guinea-Bissau	#3297bb
country	Guyana	#2e2ec2
country	Haiti	#5235b4
country	Honduras	#7033b8
country	Hong Kong	#a4b136
country	Hungary	#3d987b
country	Iceland	#406f86
country	India	#5bb236
country	Indonesia	#b8c82b
country	Iran	#3aa44a
country	Iraq	#3aa658
country	Ireland	#3e8592
country	Israel	#39a869
country	Italy	#3d9b8a
country	Cote d'Ivoire	#30afbf
country	Jamaica	#5d35b5
country	Japan	#a3813b
country	Jordan	#39a865
country	Kazakhstan	#48963e
country	Kenya	#2cc767
country	Kiribati	#c73c2c
country	Kosovo	#3d9c7c
country	Kuwait	#39aa52
country	Kyrgyzstan	#539e3c
country	Laos	#8fb335
country	Latvia	#3f8e6e
country	Lebanon	#3aa567
country	Lesotho	#17e587
country	Liberia	#2fa8c2
country	Libya	#38ad8d
country	Liechtenstein	#3d988b
country	Lithuania	#3f8f70
country	Luxembourg	#3e958e
country	Macao	#a3b136
country	Madagascar	#1fda4c
country	Malawi	#23d573
country	Malaysia	#96c32e
country	Maldives	#4ec32e
country	Mali	#34b0b7
country	Malta	#3ba38c
country	Marshall Islands	#c0452f
country	Mauritania	#359db3
country	Mauritius	#1edc28
country	Mexico	#8b35b4
country	Micronesia	#c06b2f
country	Moldova	#3d976e
country	Monaco	#3d9b91
country	Mongolia	#7d973e
country	Montenegro	#3d9c7e
country	Morocco	#3a9ba6
country	Mozambique	#1fdb70
country	Myanmar	#80b236
country	Namibia	#1cdfaa
country	Nepal	#65ab38
country	Netherlands	#3e938d
country	New Zealand	#f1280d
country	Nicaragua	#6f32bb
country	Niger	#34b5a1
country	Nigeria	#31bdad
country	North Macedonia	#3c9d7c
country	Norway	#3f8980
country	Oman	#36b33e
country	Pakistan	#4ba939
country	Palau	#c2a32e
country	Palestine	#3aa768
country	Panama	#6230be
country	Papua New Guinea	#cd8b28
country	Paraguay	#1c1edf
country	Peru	#5626d1
country	Philippines	#bcb431
country	Poland	#3e9379
country	Portugal	#3c909f
country	Puerto Rico	#4535b5
country	Qatar	#37ae4a
country	Congo	#2bc8a1
country	Romania	#3d9974
country	Russia	#6b8640
country	Rwanda	#2ac97c
country	Saint Barthélemy	#3d34b5
country	Saint Kitts and Nevis	#3d34b6
country	Saint Lucia	#3833b9
country	Saint Martin	#3e34b5
country	Saint Vincent and the Grenadines	#3832ba
country	Sao Tome and Principe	#2cc6b7
country	Saudi Arabia	#37ae56
country	Senegal	#3396b9
country	Serbia	#3d9b7c
country	Seychelles	#29cc37
country	Sierra Leone	#30a0bf
country	Singapore	#9cc62c
country	Sint Maarten	#3e34b5
country	Slovakia	#3e967b
country	Slovenia	#3d9984
country	Solomon Islands	#d06226
country	Somalia	#30bf4c
country	South Africa	#18e592
country	South Korea	#a2953b
country	South Sudan	#30bf7a
country	Spain	#3c979e
country	Sri Lanka	#60bf30
country	St. Lucia	#3833b9
country	Sudan	#33b979
country	Suriname	#2e34c3
country	Sweden	#3f8b7a
country	Switzerland	#3d988d
country	Syria	#3aa461
country	Taiwan	#afae37
country	Tajikistan	#4da03c
country	Tanzania	#28ce6d
country	Thailand	#8db833
country	Timor-Leste	#d0c026
country	Togo	#30bebe
country	Trinidad	#3731bd
country	Trinidad and Tobago	#3731bc
country	Tunisia	#3aa597
country	Turkey	#3ca064
country	Uganda	#2dc575
country	Ukraine	#3e9569
country	Union of the Comoros	#24d454
country	United Arab Emirates	#37b044
country	United Kingdom	#3f8c90
country	Uruguay	#141ee9
country	USA	#7f3ca0
country	Uzbekistan	#429e3c
country	Vanuatu	#d84521
country	Venezuela	#4130bf
country	Vietnam	#9bb734
country	Yemen	#34b750
country	Zambia	#22d686
country	Zimbabwe	#20da80
country	unassigned	#AAAAAA

division	Aalst	#3e948f
division	Aargau	#3e978d
division	Aatalunya	#3c9d9c
division	Abadan	#39a950
division	Abia	#2ec2b2
division	Abidjan	#2eb6c2
division	Abruzzo	#3c9d88
division	Abu Dhabi	#37af44
division	Abuja	#30beaf
division	Aceh	#89c32e
division	Acre	#4726d0
division	Ad-Dawhah	#37ae49
division	Adamaoua	#2fc0a5
division	Adamawa	#31bea3
division	Adan	#39aa51
division	Adana	#3ba267
division	Addis Ababa	#30be64
division	Addu	#4cc82b
division	Adıyaman	#3ba161
division	Adjara	#3c9d5a
division	Adrar	#38a8ad
division	Adygea	#3d9a5d
division	Aegean Islands	#3ba17f
division	Afghanistan	#44a53a
division	Africa	#2ec38f
division	Afyon	#3ca06e
division	Agadez	#34b6a7
division	Agadir	#3995a9
division	Agder	#3f8c83
division	Agri	#3c9f59
division	Aguascalientes	#9036b1
division	Agusan del Norte	#beb230
division	Ahmadi	#39aa51
division	Ahvaz	#39a850
division	Aichi	#a4863b
division	Akita	#9f7e3c
division	Akkar	#3aa466
division	Akmola Region	#4b933e
division	Aksaray	#3ba069
division	Aktobe Region	#3e9742
division	Akwa-Ibom	#2ec2b1
division	Al Asimah	#39aa50
division	Al-Muthanna Province	#39a856
division	Al-Najaf-Al-Ashraf	#3aa758
division	Al Wusta	#35b33e
division	Alabama	#6d3aa7
division	Alagoas	#2666d1
division	Alajuela	#6d31bd
division	Alaska	#85405e
division	Alba	#3d9976
division	Albania	#3c9e7f
division	Alberta	#8b3f90
division	Alborz Province	#3ba34c
division	Aleppo	#3ba363
division	Alexandria	#39a872
division	Alger	#3ba29f
division	Algeria	#38aba7
division	Algiers	#3ba29f
division	Alif Alif Atoll	#4cc32e
division	Alifu Dhaalu Atoll	#4cc42e
division	Almaty	#579c3d
division	Aloatra-Mangoro	#20d946
division	Alta Verapaz	#7a33b8
division	Altai Krai	#5d923e
division	Alto Paraguay	#201edc
division	Alto Paraná	#1a27e1
division	Alytaus Apskritis	#3f9071
division	Alytus	#3f9071
division	Amapa	#2c3ec6
division	Amazonas BR	#3629cc
division	Amazonas PE	#5e29cc
division	Amazonas VE	#402dc4
division	American Samoa	#d62338
division	Amhara	#32bc65
division	Amman	#3aa767
division	Amnat Charoen	#95b734
division	Amoron'i Mania	#1edc4b
division	Amur Region	#92753e
division	Amyntaio	#3c9e7c
division	An Giang	#99bd31
division	Analamanga	#20da49
division	Analanjirofo	#21d843
division	Anambra	#2fc1b2
division	Ancash	#5c26d1
division	Ancona	#3d9b88
division	Andalusia	#3b98a1
division	Andaman and Nicobar Islands	#7cbb32
division	Andel	#3e938d
division	Andhra Pradesh	#5eb734
division	Andorra	#3c9c9b
division	Ang Thong	#8cb933
division	Angola	#25d3af
division	Anguilla	#3e35b5
division	Anhui	#a1a73a
division	Ankara	#3c9f6a
division	Anse Au Pins	#29cc37
division	Anse Etoile	#29cc37
division	Anse Royale	#29cc37
division	Antalya	#3ba26f
division	Antigua	#3b34b6
division	Antigua and Barbuda	#3b34b6
division	Antioquia	#582fc1
division	Antofagasta	#421cdf
division	Antsiranana	#24d445
division	Antwerpen	#3e948f
division	Anzoátegui	#3e30be
division	Aomori	#9e7d3c
division	Aosta Valley	#3d998f
division	Appenzell Ausserrhoden	#3e978b
division	Appenzell Innerrhoden	#3d978b
division	Apulia	#3c9e84
division	Apure	#482fc0
division	Apurimac	#4e23d6
division	Aqaba	#39a969
division	Arad	#3d997a
division	Aragon	#3c9a9d
division	Aragua	#4531bd
division	Arak	#3aa54e
division	Arauca	#4d2fc1
division	Araucanía	#420fee
division	Ardabil	#3ba051
division	Arequipa	#4921d8
division	Argentina	#2713ea
division	Arges	#3d9a75
division	Ariana	#3ba292
division	Arica and Parinacota	#4220da
division	Aridaia	#3c9e7b
division	Arizona	#993aa5
division	Arkansas	#753ba4
division	Arkhangelsk Region	#408657
division	Arlon	#3e958e
division	Armenia	#3c9e56
division	Arnissa	#3c9e7c
division	Artigas	#161ce6
division	Aruba	#4c32bb
division	Arunachal Pradesh	#79ab38
division	Arusha	#2acb6a
division	Ashanti Region	#2fbac0
division	Ashdod	#3aa769
division	Asia	#6aa939
division	Assam	#77ad38
division	Astana	#4e943e
division	Astrakhan Region	#3d9851
division	Asturias	#3d909c
division	Asuncion	#1b1ee1
division	Aswan Governorate	#37b070
division	Atacama	#3f19e3
division	Atacora	#31bdbb
division	Ath	#3e9490
division	Athens	#3ba17a
division	Atlantico	#5731bd
division	Atlántida	#7234b7
division	Atlantique	#2fc1be
division	Atsimo-Andrefana	#1cdf51
division	Atsinanana	#1fda44
division	Attapeu	#9bb833
division	Attica	#3ba17a
division	Attock	#4fa53a
division	Atyrau Region	#3e974c
division	Auckland	#ed2411
division	Auderghem	#3e948f
division	Augsburg	#3e9688
division	Australia	#e0b11b
division	Australian Capital Territory	#eb8312
division	Austria	#3e9783
division	Auvergne-Rhône-Alpes	#3d9994
division	Awdal	#31bd59
division	Ayacucho	#5123d6
division	Aysén	#4709f6
division	Ayutthaya	#8cb933
division	Azad Kashmir	#54a53a
division	Azerbaijan	#3c9e51
division	Azuay	#612aca
division	Ba Ria-Vung Tau	#9ebd31
division	Baalbeck Hermel	#3aa566
division	Bac Giang	#95b236
division	Bac Lieu	#9bbe30
division	Bac Ninh	#94b236
division	Bacau	#3d9871
division	Bács-Kiskun County	#3d987c
division	Baden-Wuerttemberg	#3e968a
division	Bafoussam	#2fc2ab
division	Baghdad	#3aa657
division	Bagherhat	#72b036
division	Baglung	#63ab38
division	Bagmati	#68ac38
division	Bahamas	#5e37ae
division	Bahia	#2456d4
division	Bahrain	#38ad4c
division	Baie-Mahault	#3a34b7
division	Baie St Anne Praslin	#29cc36
division	Baja California	#a339a9
division	Baja California Sur	#a037ad
division	Baja Verapaz	#7a33b8
division	Baker Island	#c72c30
division	Bakhar	#47ad38
division	Balassagyarmat	#3e977b
division	Balatonfured	#3d987e
division	Balear Islands	#3ca09c
division	Bali	#c1d026
division	Balikesir	#3c9f72
division	Balochistan	#43ab38
division	Balti	#3e976f
division	Balzers	#3d988b
division	Bamako	#32a6bb
division	Bandung	#abce27
division	Bangkok	#8db933
division	Bangladesh	#72af37
division	Bangsamoro Autonomous Region In Muslim Mindanao	#c1c12f
division	Bangui	#2ec397
division	Banovce nad Bebravou	#3e967d
division	Banska Bystrica	#3e967b
division	Banten	#a5ce28
division	Bar	#3c9d80
division	Barahona	#5035b5
division	Baranya County	#3d997e
division	Barbados	#3432ba
division	Barcelona	#3c9d9c
division	Barinas	#4b30bf
division	Baringo	#2cc76c
division	Barishal	#73b036
division	Bartosova Lehotka	#3e967c
division	Basel-Land	#3e978d
division	Basel-Stadt	#3e978d
division	Bashkortostan	#3f9043
division	Basilicata	#3c9e86
division	Basque Country	#3d979c
division	Basse	#3297ba
division	Basse-Terre	#3a34b7
division	Bastogne	#3e958e
division	Bat Yam	#3aa769
division	Batizovce	#3e9679
division	Batna	#3ba39a
division	Bauchi	#31bda7
division	Bavaria	#3e9787
division	Bay of Plenty	#ee1c10
division	Bayanga	#2dc49e
division	Bayelsa State	#2ec3b6
division	Beau Vallon	#29cc37
division	Beijing	#989f3c
division	Beirut	#3aa567
division	Beit Shemesh	#3aa769
division	Beja	#3b92a1
division	Bejaia	#3ba29b
division	Bekaa	#3aa567
division	Békés County	#3d987a
division	Bekesszentandras	#3d987a
division	Bela nad Cirochou	#3e9677
division	Belarus	#3e926c
division	Belgium	#3e948f
division	Belgorod Region	#3e945f
division	Belgrade	#3d9a7c
division	Belize	#7634b6
division	Belmopan	#7634b6
division	Ben Arous	#3ba292
division	Benadir	#2dc554
division	Bengkulu	#9bcb29
division	Bengo	#26d0ab
division	Beni	#3623d6
division	Beni Mellal	#3a99a7
division	Benin	#30bebb
division	Bentre	#9dbd31
division	Benue State	#2fc0ad
division	Beograd	#3d9a7c
division	Beoumi	#30b0c0
division	Beqaa Governorate	#3aa567
division	Berane	#3d9c7e
division	Berea	#17e589
division	Berlin	#3e9281
division	Bermuda	#453aa7
division	Bern	#3d988e
division	Berrechid	#3a96a6
division	Bethlehem	#3aa768
division	Beyla	#30a8be
division	Bhaktapur	#68ab38
division	Bhutan	#72ab38
division	Bicol	#bab332
division	Bicol Region	#bab332
division	Bie	#24d4a3
division	Bielsk Podlaski	#3e9273
division	Bihac	#3d9a83
division	Bihar	#68ae37
division	Bihor	#3d9878
division	Bijelo Polje	#3d9c7e
division	Binh Thuan	#9fbc31
division	Binhdinh	#9fb933
division	Binhduong	#9cbc31
division	Binhphuoc	#9cbb32
division	Biobío	#4311ed
division	Bioko Norte	#2ec4b0
division	Bioko Sur	#2dc4b1
division	Bishkek	#539c3d
division	Biskra	#3ba49c
division	Bizerte	#3ba292
division	Bjelovar-Bilogora County	#3d9981
division	Black River	#1edc29
division	Blagoevgrad	#3c9d79
division	Blekinge	#3f8f7b
division	Blida	#3ba29f
division	Boa Vista	#3483b7
division	Bobonong	#1dde85
division	Bobrov	#3e957a
division	Bocas del Toro	#6830be
division	Boeny	#21d84e
division	Boffa	#319abd
division	Bogota	#542ec3
division	Bohol	#bdb431
division	Boipelego	#1dde8e
division	Boke	#3199bc
division	Bokeo	#89b335
division	Bolikhamxay	#92b535
division	Bolivar	#5630be
division	Bolivar CO	#5931bd
division	Bolivar EC	#612bc9
division	Bolivar VE	#3c30bf
division	Bolivia	#3421d9
division	Bologna	#3d9a8a
division	Bomet	#2bc86e
division	Bonaire	#4832bb
division	Bong	#2fa6c0
division	Bongolava	#20da4d
division	Bono East Region	#30babf
division	Bono Region	#30b7c0
division	Bonoua	#2eb7c2
division	Bonthe	#309fc0
division	Bordj-Bou-Arreridj	#3ba39c
division	Borgou	#31beb9
division	Borno State	#32bb9f
division	Boromo	#32b2bb
division	Borsod-Abaúj-Zemplén County	#3e9679
division	Bosnia and Herzegovina	#3d9b81
division	Boteti	#1edc92
division	Botha Bothe	#18e487
division	Botosani	#3e9770
division	Botswana	#1cdf92
division	Bouafle	#2fb0c0
division	Bouaké	#30b1c0
division	Boucle Du Mouhoun	#32b0bb
division	Boucle du Mouhoun Region	#32b1bb
division	Boufarik	#3ba29f
division	Bouira	#3ba39e
division	Bourgogne	#3d9893
division	Bourgogne-France-Comté	#3d9891
division	Boyaca	#532ec2
division	Brabant Wallon	#3e948f
division	Brahmanbaria	#74af37
division	Braila	#3d9a70
division	Braine-l'Alleud	#3e948f
division	Brandenburg	#3e9281
division	Braničevo District	#3d9a7a
division	Brasov	#3d9973
division	Bratislava	#3e977f
division	Brava	#337fb8
division	Brazil	#2535d2
division	Brazilian Cruise	#2167d8
division	Brazzaville	#29cca5
division	Bremen	#3e9287
division	Brest Region	#3e9270
division	Bretagne	#3e9197
division	Breza	#3d9b80
division	British Columbia	#913f88
division	British Virgin Islands	#4135b5
division	Brod-Posavina County	#3d9a7f
division	Brugge	#3e9490
division	Brunei	#b5c32e
division	Brussels	#3e948f
division	Bryansk	#3e9265
division	Bryansk Oblast	#3e9265
division	Bucharest	#3d9a73
division	Budapest	#3e977c
division	Bueng Kan	#91b535
division	Buenos Aires	#1314ea
division	Bujumbura	#2acb7e
division	Bukhara Region	#419f3c
division	Bulawayo	#1edc84
division	Bulgaria	#3d9c75
division	Bumthang	#72ab38
division	Bungoma	#2cc76f
division	Buraimi	#37af41
division	Burgas	#3c9c72
division	Burgenland	#3e9780
division	Buriram	#92b833
division	Burkina Faso	#32b4ba
division	Bursa	#3c9f70
division	Burundi	#2acb7d
division	Buryatia	#82923e
division	Bushehr	#39aa4a
division	Busia	#2cc770
division	Busia KE	#2cc770
division	Buskerud	#3f8b7e
division	Buyo	#2fadc1
division	Buzau	#3d9a72
division	Ca Mau	#9abe30
division	Caaguazu	#1a23e1
division	Caazapá	#1a23e2
division	Cabinda	#29ccad
division	Cabo Delgado	#24d463
division	Cabo Verde	#3480b7
division	Cacak	#3d9b7c
division	Cagayan Valley	#b5b234
division	Cahul	#3d996f
division	Cairo	#39a970
division	Cajamarca	#6028ce
division	Calabarzon	#b9b733
division	Calabria	#3ca086
division	Calarasi	#3d9b71
division	Caldas	#582ec2
division	Cali	#5a2dc4
division	California	#a33ba0
division	Callao	#5a24d4
division	Cambodia	#97ba32
division	Cameroon	#2ec3a4
division	Camp Lemonnier	#32bc5a
division	Campania	#3c9e87
division	Campeche	#7735b4
division	Canada	#7d3f8a
division	Canakkale	#3c9f74
division	Cañar	#602aca
division	Canary Islands	#3889ab
division	Canelones	#131dea
division	Canindeyu	#1b27e0
division	Cantabria	#3d949c
division	Canterbury	#f32a0b
division	Cantho	#9abd31
division	Cao Bang	#93b036
division	Capital And Coast	#f1210d
division	Capital Governorate	#38ad4b
division	Capital Region	#406c86
division	Caqueta	#542cc6
division	Carabobo	#4731bd
division	Caraga	#beb130
division	Carchi	#5f2cc6
division	Carinthia	#3d9885
division	Carlow	#3e8792
division	Carlsbad	#3e9583
division	Cartago CO	#592ec3
division	Cartago CR	#6c31bd
division	Casablanca	#3a96a5
division	Casanare	#4e2fc2
division	Cascades	#31b0bd
division	Caslavice	#3e9680
division	Castel di Sangro	#3c9d88
division	Castilla la Mancha	#3c99a0
division	Castilla y Leon	#3c949d
division	Catalunya	#3c9d9c
division	Catamarca	#3619e3
division	Cauca	#5b2dc5
division	Causeni	#3d986d
division	Cavan	#3f8591
division	Cayman Islands	#6235b3
division	Cayo	#7634b6
division	Cazin	#3d9a83
division	Ceará	#285ecd
division	Čelinac	#3d9a81
division	Celje	#3d9983
division	Center Kalimantan	#b8ca2a
division	Central	#23d573
division	Central African Republic	#2fc092
division	Central Banat District	#3d997b
division	Central Bohemian Region	#3e9581
division	Central District BW	#1ddd8c
division	Central District IL	#3aa769
division	Central Greece	#3ca07b
division	Central Hungary	#3e977c
division	Central Jakarta	#a8ce28
division	Central Java	#b2cd28
division	Central Kenya	#2bc869
division	Central Luzon	#b8b733
division	Central Macedonia	#3c9e7a
division	Central Nepal	#68ab38
division	Central Paraguay	#1a1ee1
division	Central Province	#60c02f
division	Central Region	#2fbcc2
division	Central Region GH	#2fbcc2
division	Central Region MW	#23d573
division	Central Region UG	#2bc878
division	Central Serbia	#3d9b7c
division	Central Sudan	#33b96b
division	Central Sulawesi	#c9c82b
division	Central Uganda	#2cc775
division	Central Visayas	#bdb531
division	Central Zambia	#23d682
division	Centrale Region TG	#30bfbf
division	Centre	#32b5bb
division	Centre BF	#32b5bb
division	Centre CM	#2ec3a9
division	Centre Region	#2ec3a7
division	Centre-Val de Loire	#3e9796
division	Cerro Largo	#1524e8
division	Cesar	#5431be
division	Cetinje	#3c9c80
division	Ceuta	#3b98a3
division	Chachoengsao	#8fba33
division	Chaco	#211ae2
division	Chad	#33b890
division	Chai Nat	#8bb833
division	Chaiyaphum	#8eb734
division	Chalatenango	#7733b9
division	Chalkidiki	#3c9f7a
division	Chandigarh	#57a839
division	Changhua County	#afaf37
division	Chanthaburi	#91ba32
division	Charleroi	#3e948f
division	Charles Hill	#1ddea0
division	Chattogram	#76b136
division	Cheb	#3e9584
division	Chechen	#3d9b54
division	Chechen Republic	#3d9b54
division	Chelyabinsk	#3f903f
division	Cherkasy	#3e9669
division	Chernihiv Region	#3e9368
division	Chernivtsi	#3e9771
division	Chhattisgarh	#62b136
division	Chiang Mai	#87b435
division	Chiang Rai	#88b335
division	Chiapas	#7e34b7
division	Chiayi City	#b0af37
division	Chiba	#a3813b
division	Chihuahua	#9339aa
division	Chile	#4215e7
division	Chimaltenango	#7b33b9
division	Chimborazo	#602ac9
division	China	#89a63a
division	Chiquimula	#7833b8
division	Chiriqui	#6930bf
division	Chisinau	#3d986e
division	Chobe District	#20da90
division	Choco	#5c2fc2
division	Choluteca	#7332ba
division	Choma	#21d888
division	Chonburi	#8eba32
division	Chongqing	#91a939
division	Chtouka	#3a95a6
division	Chubu	#a4873b
division	Chubut	#320bf4
division	Chukha	#70ac38
division	Chukotka Autonomous Okrug	#854c40
division	Chungcheongnam	#a2973b
division	Chuquisaca	#341fdb
division	Chushikoku	#a58e3a
division	Chuvash Republic	#3f8f51
division	Chyne	#3e9581
division	Cimislia	#3d986e
division	Clare	#3e8492
division	Cluj	#3d9875
division	Cluj Napoca	#3d9876
division	Coahuila	#8c38ac
division	Cochabamba	#3820d9
division	Cocle	#6430bf
division	Coimbra	#3c8f9f
division	Colima	#9535b4
division	Colombia	#532dc4
division	Colombo	#5ec02f
division	Colon	#6330be
division	Colón Department	#6f33b7
division	Colon Province	#6330be
division	Colonia	#1316ea
division	Colorado	#8a3c9f
division	Comayagua	#7433b9
division	Comines	#3d9985
division	Comunitat Valenciana	#3c9da0
division	Conakry	#319bbe
division	Concepción	#1c21de
division	Connecticut	#533c9d
division	Constanta	#3d9b6f
division	Constituency of Limerick	#3e8592
division	Copán	#7733b8
division	Copenhagen	#3f8f7f
division	Copperbelt	#23d585
division	Coquimbo	#4116e6
division	Cordillera	#1b20e1
division	Cordillera Administrative Region	#b6b434
division	Cordoba AR	#2916e7
division	Cordoba CO	#5930bf
division	Cork	#3e8593
division	Corozal	#7435b5
division	Corrientes	#181ae4
division	Corse	#3c9d90
division	Cortés	#7433b8
division	Costa Rica	#6d31bd
division	Côte d'Ivoire	#30afbf
division	Cotonou	#2fc1be
division	Cotopaxi	#6429cb
division	Couffo	#2fc0be
division	Counties Manukau	#ed2311
division	Courland	#3f8e72
division	Covasna	#3d9972
division	Cox'S Bazar	#77b236
division	Coyah	#319cbe
division	Crete	#3ba47a
division	Crimea	#3d9a66
division	Croatia	#3d9a84
division	Cross River State	#2fc1af
division	Csongrád County	#3d987b
division	Cuando Cubango	#21d89f
division	Cuanza Norte	#26d0a8
division	Cuanza Sul	#25d2a9
division	Cuba	#6437b0
division	Cumilla	#75b037
division	Cundinamarca	#542ec2
division	Cunene	#21d8ab
division	Cuprija	#3d9b7b
division	Curacao	#4a32bb
division	Cuzco	#4b23d5
division	Cyprus	#3ba46b
division	Czech Republic	#3e9580
division	Da Nang	#9cb734
division	Dabola	#31a0bc
division	Dabou	#2eb5c2
division	Dadra and Nagar Haveli	#4fb335
division	Dadra and Nagar Haveli and Daman and Diu	#4bb236
division	Daegu	#a3953b
division	Dagana	#71ac38
division	Dagestan	#3d9c52
division	Dakar	#338fb8
division	Dakhiliyah	#36b13d
division	Dakhla	#378daf
division	Dala	#28cda6
division	Dalarna	#3f8a79
division	Dambovita	#3d9a74
division	Damitta	#39a86f
division	Danang	#9cb734
division	Dandé	#32afbc
division	Darien	#5e30bf
division	Daule	#632ac9
division	Davao Region	#c1b42f
division	Debar	#3c9d7e
division	Debrecen	#3e9778
division	Delaware	#583ca0
division	Delhi	#58aa39
division	Delta	#2fc2b5
division	Delta Amacuro	#3730bf
division	Congo	#29cb93
division	Dendermonde	#3e948f
division	Denizli	#3ba171
division	Denmark	#3f8e83
division	Departamento Colon	#6f33b7
division	Departamento de Amazonas	#4c2bc9
division	Departamento de El Progreso	#7933b8
division	Departamento Florida	#141eea
division	Departamento Rio Negro	#1519e8
division	Departamento San Jose	#131aea
division	Dhaalu Atoll	#4cc42d
division	Dhahirah	#36b040
division	Dhaka	#73af37
division	Dhi Qar Province	#39a856
division	Dhofar	#35b542
division	Diamond Princess	#a4823b
division	Diana	#24d445
division	Diebougou	#31b2bc
division	Diksmuide	#3e9491
division	Dimbokro	#2fb3c1
division	Dinajpur	#6fad37
division	Dinant	#3e958f
division	Diourbel	#3392b8
division	Distrito Capital	#4431bd
division	Distrito Capital de Bogota	#542ec3
division	Distrito Federal	#2142d7
division	Distrito Nacional	#4d35b5
division	Djelfa	#3aa5a1
division	Djibouti	#32bb5b
division	Dnipro	#3e9664
division	Dnipropetrovsk Region	#3e9664
division	Dobrich	#3d9b71
division	Dodoma	#28ce6d
division	Doha	#37ae4a
division	Dolakha	#69ab38
division	Doľany	#3e9679
division	Dolj	#3d9b77
division	Dolnośląskie	#3e947e
division	Dolny Kubin	#3e967b
division	Dominica	#3933b8
division	Dominican Republic	#4e35b4
division	Donegal	#3f8490
division	Donezk	#3e9760
division	Dong Nai	#9ebc31
division	Dongthap	#9abd31
division	Donostia-San Sebatian	#3d979c
division	Douala	#2ec3ad
division	Drahovce	#3e967d
division	Drama	#3c9e78
division	Drenas	#3d9c7c
division	Drenthe	#3e928a
division	Dschang	#2ec2ab
division	Duarte	#4d35b4
division	Dubai	#37ae42
division	Dubasari	#3d986d
division	Dublin	#3e8791
division	Dubnica Nd Váhom	#3e967c
division	Dubréka	#319bbd
division	Dubrovnik	#3d9c81
division	Dubrovnik-Neretva County	#3d9c82
division	Duesseldorf	#3e938b
division	Dupnitza	#3c9d79
division	Durango	#9437af
division	Durazno	#141de9
division	East	#2ec3a2
division	East Azerbaijan	#3ba153
division	East Azerbaijan Province	#3ba153
division	East Java	#b9cf27
division	East Kalimantan	#bdc72c
division	East-Kazakhstan Region	#5d963e
division	East Kenya	#2cc765
division	East New Britain	#cd7628
division	East Nusa Tenggara	#d0cf26
division	East Region	#2ec3a2
division	Eastern Bohemia	#3e957f
division	Eastern Cape	#15e88e
division	Eastern Macedonia and Thrace	#3c9e76
division	Eastern Paraguay	#1b23e0
division	Eastern Province	#37b04c
division	Eastern Province LK	#62c030
division	Eastern Province RW	#2ac97b
division	Eastern Province SA	#37b04c
division	Eastern Region GH	#2fbdc1
division	Eastern Region MK	#3c9d7a
division	Eastern Region UG	#2cc672
division	Eastern Visayas	#bcb131
division	Eastern Zambia	#23d578
division	Ebolowa	#2dc5ab
division	Ebonyi	#2fc1b0
division	Ecuador	#622bc9
division	Edessa	#3c9e7b
division	Edo	#2fc1b5
division	Eeklo	#3e9490
division	Egypt	#38ad75
division	Ehime	#a58f3a
division	Ekiti State	#30c0b5
division	El-Beheira	#39a872
division	El Oro	#6329cb
division	El Oued	#3aa69b
division	El Paraíso	#7233b9
division	El Progreso	#7933b8
division	El Salvador	#7733b9
division	Elad	#3aa769
division	Eldoret	#2cc76e
division	Elgeyo Marakwet	#2cc76d
division	Elkana	#3aa769
division	Emilia-Romagna	#3d9a8a
division	Encarnacion	#1922e3
division	England	#3e8f92
division	Entre Rios	#1815e7
division	Enugu	#2fc1b1
division	Epirus	#3c9f7e
division	Equatorial Guinea	#2cc6ad
division	Erbil	#3ba358
division	Erongo	#1ddeaf
division	Eschen	#3d988b
division	Escuintla	#7b33b9
division	Eskisehir	#3c9f6e
division	Esmeraldas	#622cc7
division	Espaillat	#4e35b4
division	Espirito Santo	#1f59db
division	Estado de Mexico	#8c35b4
division	Esteli	#7232ba
division	Estonia	#3f8c6c
division	Estuaire	#2cc7b0
division	Ethiopia	#30be60
division	Europe	#3e9587
division	Évora	#3c91a0
division	Evros	#3c9f79
division	Extremadura	#3c94a0
division	Fagge	#32bbaa
division	Faiyum	#39aa72
division	Falcon	#4b31bc
division	Far North	#1cde82
division	Faranah	#31a1bd
division	Faroe Islands	#3f7f88
division	Fatick	#3392b9
division	Federal Capital Territory	#30beb0
division	Feeali	#4cc42d
division	Fejer	#3d987d
division	Fergana Region	#4d9e3c
division	Ferizaj	#3c9c7c
division	Ferkessedougou	#31afbe
division	Fez-Meknes	#3a9ba5
division	Fianarantsoa	#1ddd49
division	Fiji	#da2320
division	Finland	#3f896a
division	Flacq	#1edc28
division	Flanders	#3e948f
division	Flandre-Orientale	#3e9490
division	Flemish Brabant	#3e948e
division	Flevoland	#3e928c
division	Flines-lès-Mortagne	#3e9491
division	Flores	#141ae9
division	Florida	#6438ab
division	Florina	#3c9e7d
division	Fogo	#3380b8
division	Fomboni	#24d456
division	Forecariah	#319cbe
division	Formosa	#211be0
division	France	#3d9997
division	Francisco Morazán	#7333b9
division	Francistown	#1edd88
division	Free State	#18e48d
division	Freiburg	#3d988f
division	French Guiana	#2e3cc3
division	Fribourg	#3d988f
division	Friesland	#3e928b
division	Friuli Venezia Giulia	#3d9986
division	Fujian	#a8ad38
division	Fukui	#a3873b
division	Fukuoka	#a5933a
division	Fukushima	#a27f3b
division	Gaafu Alifu Atoll	#54c02f
division	Gaafu Dhaalu Atoll	#4cc72c
division	Gabon	#2bc8ac
division	Gaborone	#1be08e
division	Gabrovo	#3d9c75
division	Gafsa	#3aa597
division	Galapagos	#7e2bc8
division	Galati	#3d9970
division	Galicia	#3d8e9c
division	Galle	#5fc12f
division	Galway	#3e8391
division	Gambia	#3294ba
division	Gampaha	#5ec02f
division	Gamprin-Bendern	#3d988b
division	Gandaki	#67ab38
division	Gangwon-do	#a1943b
division	Gani Tikva	#3aa769
division	Gansu	#82a13b
division	Garoua	#30bea1
division	Gasabo	#2ac97c
division	Gauteng	#1ae287
division	Gavleborgs Lan	#3f8976
division	Gaza	#1cdf77
division	Gedera	#3aa769
division	Gelderland	#3e938c
division	Geneva	#3d9991
division	Gent	#3e9490
division	Georgia	#663aa7
division	Georgia (Asia)	#3c9d58
division	Germany	#3e9486
division	Gevgelija	#3c9e7b
division	Ghana	#30babf
division	Ghanzi District	#1dde97
division	Giannitsa	#3c9e7b
division	Gibraltar	#3b98a3
division	Gicumbi	#2bc97c
division	Gifu	#a3863b
division	Gilan	#3ba14f
division	Gilgit Baltistan	#55a33b
division	Giurgiu	#3d9b74
division	Giza	#39a970
division	Gjakove	#3c9c7d
division	Gjilan	#3c9c7b
division	Glarus	#3d988c
division	Goa	#51b833
division	Gobojango	#1ddd84
division	Goiais	#213dd7
division	Goiás	#213cd7
division	Golestan	#3ba245
division	Golfe	#2fc1c1
division	Gombe	#31bda5
division	Gomel Region	#3e9268
division	Goodhope	#1ae190
division	Gorazde	#3d9b7f
division	Gorenjska	#3d9984
division	Gorgan	#3ba246
division	Goriska	#3d9985
division	Gorj	#3d9a77
division	Gornji Vakuf	#3d9b81
division	Gorontalo	#c7c12c
division	Gostivar	#3c9d7d
division	Gotland	#3f8d76
division	Goumenissa	#3c9e7b
division	Grace-Hollogne	#3e948e
division	Granada	#7132bb
division	Grand Anse Praslin	#29cc36
division	Grand-Bassam	#2eb6c2
division	Grand Canary Islands	#388bab
division	Grand Cape Mount	#2fa3c0
division	Grand Est	#3e968f
division	Grand Lome	#2fc1c0
division	Grand Port	#1edc28
division	Grand Princess	#a13b98
division	Grand Princess 2nd cruise	#a03c96
division	Graubünden	#3d988b
division	Greater Accra	#2fbfc2
division	Greece	#3ca07d
division	Grenada	#3932bb
division	Grevena	#3c9f7d
division	Grodno Region	#3f9170
division	Groningen	#3e918a
division	Guadalajara	#9336b2
division	Guadeloupe	#3a34b7
division	Guaira	#1a21e1
division	Guam	#ba8232
division	Guanacaste	#7031bd
division	Guanajuato	#8e36b2
division	Guangdong	#a4af37
division	Guangxi	#98af37
division	Guardav	#3c919e
division	Guatemala	#7933b8
division	Guatemala City	#7a33b9
division	Guaviare	#512cc6
division	Guayas	#632ac9
division	Gueckedou	#30a4bf
division	Guelmim Province	#3995aa
division	Guerrero	#8d34b6
division	Guiania	#472dc5
division	Guiglo	#2facc1
division	Guinea	#31a1bc
division	Guinea-Bissau	#3297bb
division	Guizhou	#92ac38
division	Gujarat	#4cb136
division	Guna Yala	#5e30be
division	Gunma	#a2823b
division	Guranwala	#4ca939
division	Guyana	#2e2ec2
division	Gwale	#32bbaa
division	Gwangju	#a4983b
division	Gyeonggi Province	#a2953b
division	Győr-Moson-Sopron County	#3e977f
division	Ha Giang	#91b036
division	Ha Nam	#94b336
division	Ha Tinh	#96b535
division	Haa	#6fac38
division	Haa Alif Atoll	#4dc02f
division	Haa Dhaalu Atoll	#4cc12f
division	Hadžići	#3d9b80
division	Hai Duong	#95b236
division	Hai Phong	#96b236
division	Haifa District	#3aa669
division	Hainan	#9db435
division	Hainaut	#3e9490
division	Haiti	#5235b4
division	Hajdú-Bihar County	#3e9779
division	Halland	#3f8e7e
division	Halle-Vilvoorde	#3e948f
division	Hambantota	#61c12f
division	Hamburg	#3f9185
division	Hamedan	#3aa450
division	Hangzhou	#a8a939
division	Hanoi	#94b236
division	Harare	#20d97c
division	Hardap	#1be0aa
division	Harhoura	#3a97a5
division	Harjumaa	#3f8b6d
division	Haryana	#56aa39
division	Haskovo	#3c9d75
division	Hasselt	#3e948e
division	Haugiang	#9bbd31
division	Haut-Katanga	#25d285
division	Haut-Ogooue	#2bc9a8
division	Haut-Uélé	#2dc581
division	Haute Matsiatra	#1ddd49
division	Hauts-Bassins	#31b0bc
division	Hauts de France	#3e9592
division	Hawaii	#b33565
division	Hawali	#39aa51
division	Hawalli	#39aa51
division	Hawkes Bay	#ef1b0f
division	Hebei	#99a03c
division	Hebron	#39a769
division	Heilongjiang	#978c3d
division	Helsinki	#3f8a6c
division	Henan	#99a53a
division	Herceg Novi	#3c9c80
division	Heredia	#6d31bd
division	Hermanas Mirabal	#4e35b4
division	Herrera	#6530bf
division	Herselt	#3e948e
division	Herzegowina-Neretva	#3d9c81
division	Herzogenrath	#3e948d
division	Hesse	#3e9488
division	Heverlee	#3e948f
division	Heves County	#3e977a
division	Hhohho	#1ae27c
division	Hidalgo	#8a36b3
division	Hiiu	#3f8c70
division	Himachal Pradesh	#58a73a
division	Himandhoo	#4cc32e
division	Himmafushi	#4ec32e
division	Hincesti	#3d986e
division	Hiroshima	#a58f3a
division	Hlohovec	#3e967d
division	Hnusta	#3e967a
division	Ho Chi Minh City	#9dbc31
division	Hoa Binh	#93b236
division	Hokkaido	#9c783d
division	Hokuriku	#a1813b
division	Hokurikushinsyu	#a2843b
division	Holon	#3aa769
division	Holsbeek	#3e948e
division	Homa Bay	#2bc870
division	Hon-Hergies	#3e9490
division	Honduras	#7033b8
division	Hong Kong	#a4b136
division	Hormozgan	#38ab41
division	Hostivice	#3e9581
division	Houthalen-Helchteren	#3e948d
division	Hovedstaden	#3f8f80
division	Howland Island	#c72c30
division	Hradec Králové Region	#3e957f
division	Hranice Na Moravě	#3e957d
division	Hsinchu	#aead37
division	Hsinchu County	#aead37
division	Huambo	#24d4a9
division	Huancavelica	#5423d4
division	Huanuco	#5825d1
division	Huasco	#4318e4
division	Hubei	#9aa839
division	Hue	#9bb734
division	Huehuetenango	#7c33b7
division	Huila AO	#22d6ac
division	Huila CO	#582dc5
division	Hukuk	#3aa668
division	Humenne	#3e9677
division	Hunan	#9bab38
division	Hunedoara	#3d9977
division	Hung Yen	#94b236
division	Hungary	#3d987b
division	Huraa	#4ec32e
division	Huy	#3e948e
division	Hyogo	#a48a3b
division	Ialomița	#3d9a71
division	Iasi	#3d986f
division	Ibaraki	#a3803b
division	Ica	#5623d6
division	Iceland	#406f86
division	Ida-Viru	#3f8b69
division	Idaho	#953d9b
division	Idleb	#3ba365
division	Ieper	#3e9491
division	Ilam	#3aa653
division	Ilava	#3e967c
division	Ile de France	#3e9694
division	Ilfov	#3d9a73
division	Ilidza	#3d9b80
division	Ilijas	#3d9b80
division	Illinois	#6f3c9f
division	Ilocos	#b6b634
division	Imathia	#3c9e7b
division	Imbabura	#5f2cc7
division	Imereti	#3c9d59
division	Imo	#2fc2b3
division	India	#5bb236
division	Indiana	#693c9f
division	Indonesia	#b9c72c
division	Ingushetia	#3d9c56
division	Inhambane	#1cde71
division	Inner Mongolia	#929c3d
division	Innlandet	#3f897e
division	Ioannina	#3c9f7e
division	Ionian Islands	#3c9f80
division	Iowa	#743c9d
division	Iran	#3aa44a
division	Iraq	#3aa658
division	Iraqi Kurdistan	#3ba257
division	Irbid	#3aa667
division	Ireland	#3e8592
division	Irkutsk Region	#798e3f
division	Isfahan	#3aa64a
division	Ishikawa	#a2863b
division	Islamabad	#50a53a
division	Islamabad Capital Territory	#51a53a
division	Israel	#39a769
division	Istanbul	#3c9e70
division	Istria	#3d9a86
division	Italian cruise ship	#3c9d8c
division	Italy	#3d9b8a
division	Itapúa	#1923e2
division	Itasy	#1fdb4a
division	Ivanka Pri Dunaji	#3e977e
division	Ivano-Frankivsk	#3e9673
division	Ivanovo	#3f8e58
division	Cote d'Ivoire	#30afbf
division	Iwate	#9f7c3c
division	Ixelles	#3e948f
division	Izabal	#7633b7
division	Izmir	#3ba074
division	Järva	#3f8c6c
division	Jahra	#39a952
division	Jakarta	#a8ce28
division	Jalapa	#7933b9
division	Jalisco	#9435b3
division	Jamaica	#5d35b5
division	Jambi	#9bc92b
division	Jambyl Region	#4f9a3d
division	Jammu	#54a63a
division	Jammu and Kashmir	#57a53a
division	Jamtland	#408777
division	Jamtland Harjedalen	#3f8879
division	Japan	#a3813b
division	Jarva Maakond	#3f8c6c
division	Jarvis Island	#c82b5a
division	Jász-Nagykun-Szolnok County	#3d987a
division	Jatov	#3e977d
division	Jeddah	#36b262
division	Jendouba	#3ba295
division	Jenin	#3aa668
division	Jeonnam	#a4993a
division	Jericho	#3aa768
division	Jerusalem	#3aa769
division	Jerusalem District	#3aa769
division	Jesenice	#3d9884
division	Jharkhand	#69b037
division	Jhenaidha	#70b037
division	Jiangsu	#a5a63a
division	Jiangxi	#a2ac38
division	Jihlava	#3e9580
division	Jihocesky Kraj	#3e9682
division	Jihomoravsky Kraj	#3e967f
division	Jilin	#9c933d
division	Jining	#9da43b
division	Johannesburg	#1ae287
division	Johnson Atoll	#b63446
division	Johor	#9ac52d
division	Jonavos Apskritis	#3f9070
division	Jonkoping	#3f8d7c
division	Jordan	#39a865
division	Judea and Samaria	#3aa768
division	Jugovzhodna	#3d9984
division	Jujuy	#331cdf
division	Junik	#3c9c7d
division	Junin	#5424d3
division	Jura	#3e978e
division	Jutiapa	#7933b9
division	Jõgeva	#3f8c6b
division	Kaafu Atoll	#4ec22e
division	Kabardino-Balkaria	#3d9b58
division	Kabul	#4aa43a
division	Kaduna State	#31bdad
division	Kaernten	#3d9885
division	Kaffrine	#3395b9
division	Kagawa	#a58c3a
division	Kaggevinne	#3e948e
division	Kagoshima	#a79539
division	Kahramanmaras	#3ba164
division	Kairouan	#3ba393
division	Kaisiadorys	#3f9070
division	Kajiado	#2ac96a
division	Kakamega	#2cc76f
division	Kakanj	#3d9b80
division	Kalasin	#92b734
division	Kalimantan Selatan	#bdca2a
division	Kalinga	#b6b434
division	Kaliningrad Region	#3f9075
division	Kalmar	#3f8e7a
division	Kalmykia	#3d9855
division	Kaluga	#3f9061
division	Kalutara	#5ec12f
division	Kalyoubia	#39a970
division	Kamchatka Krai	#8d593f
division	Kamenicna	#3e977d
division	Kamnik	#3d9984
division	Kampala	#2cc775
division	Kamphaeng Phet	#89b734
division	Kamphaengphet	#89b734
division	Kanagawa	#a4823b
division	Kanchanaburi	#89b933
division	Kandy	#60c02f
division	Kankan	#31a4bd
division	Kano State	#32bbaa
division	Kansai	#a4893a
division	Kansas	#7f3ca0
division	Kanta-Häme	#3f8a6d
division	Kanto	#a3823b
division	Kaolack	#3393b9
division	Kapilvastu	#63ab38
division	Karachay-Cherkess	#3d9b5b
division	Karachi	#44ae37
division	Karaganda Region	#4c973e
division	Karaj	#3ba34c
division	Karaman	#3ba26a
division	Kardzhali	#3c9d76
division	Karelia	#3f8860
division	Kargil	#56a43a
division	Karlovac County	#3d9a83
division	Karlovarsky Kraj	#3e9583
division	Karlovy Vary	#3e9583
division	Karnali	#62aa39
division	Karnataka	#55b833
division	Karongi	#2aca7e
division	Kars Province	#3c9e59
division	Kasane	#20d98e
division	Kashmar	#3ba43e
division	Kaski	#65ab38
division	Kassala	#33b869
division	Kasserine	#3ba496
division	Kastamonu	#3c9d68
division	Kastoria	#3c9e7d
division	Kasur	#53a839
division	Katerini	#3c9f7b
division	Kathmandu	#68ab38
division	Katiola	#30b0bf
division	Katleng	#1be08c
division	Katsina State	#32bbab
division	Kaulille	#3e948d
division	Kauno Apskritis	#3f9070
division	Kavadarci	#3c9d7b
division	Kavango	#1fdba6
division	Kavango East	#20da9c
division	Kavango West	#20daa2
division	Kavre	#65ab38
division	Kayseri	#3ca066
division	Kazakhstan	#44983d
division	Kebili	#3aa597
division	Kecskemet	#3d987c
division	Kedah	#91c12f
division	Kedainiai	#3f8f70
division	Kedia	#1ddd91
division	Kedougou	#329cbb
division	Keelung	#aeab37
division	Kef	#3ba396
division	Kefalonia	#3ba180
division	Kelantan	#95c22e
division	Kemerovo	#63903f
division	Kendari	#cbc529
division	Kenitra	#3a97a5
division	Kentucky	#693ba1
division	Kenya	#2cc767
division	Kepulauan Bangka Belitung	#a5ca2a
division	Kepulauan Riau	#9dc72c
division	Kerala	#56bd31
division	Kericho	#2bc86e
division	Kerman	#39a93f
division	Kerouane	#30a6be
division	Kerry	#3e8493
division	Keski-Suomi	#3f886a
division	Keur Massar	#338fb8
division	Kfar Saba	#3aa769
division	Kgalagadi District	#1be09c
division	Kgatleng District	#1be08c
division	Khabarovsk	#947f3e
division	Khakassia	#67913f
division	Khammouan	#95b634
division	Khanty-Mansi	#4a8a3f
division	Kharkiv	#3e9562
division	Khartoum	#33b872
division	Khemisset	#3a98a5
division	Kherson	#3d9867
division	Khmelnytskyi	#3e956f
division	Khomas	#1cdfaa
division	Khon Kaen	#90b734
division	Khouribga	#3a98a6
division	Khouzestan	#3aa74f
division	Khulna	#71b036
division	Khyber Pakhtunkhwa	#50a53a
division	Kiambu	#2bc86a
division	Kicukiro	#2ac97c
division	Kien Giang	#9abd31
division	Kiengiang	#9abd31
division	Kigali	#2ac97c
division	Kildare	#3e8792
division	Kilifi	#2acb62
division	Kilinochchi	#5fbe31
division	Kilkenny	#3e8792
division	Kilkis	#3c9e7a
division	Kindia	#319cbd
division	Kingman Reef	#c12f55
division	Kinshasa	#29cca5
division	Kiribati	#c73c2c
division	Kirov Oblast	#3f8d4e
division	Kirovograd Region	#3e9669
division	Kiryat Gat	#3aa769
division	Kiryat Ono	#3aa769
division	Kisantu	#28cda6
division	Kishoregonj	#73af37
division	Kisii	#2bc86f
division	Kissidougou	#30a4be
division	Kisumu	#2bc76f
division	Klaipedos Apskritis	#3f8f74
division	Kocaeli	#3c9e6f
division	Kochi	#a58e3a
division	Koersel	#3e948e
division	Kogi State	#30bfb2
division	Kohgiluyeh and Boyer-Ahmad	#39a84b
division	Kolárovo	#3e977d
division	Kolda	#3297ba
division	Kolubara District	#3d9a7d
division	Komarno	#3e977d
division	Komárom-Esztergom	#3e977d
division	Kombo	#3292ba
division	Komi	#408747
division	Kongo Central	#28cdab
division	Konya	#3ba16b
division	Koprivnica	#3d9980
division	Koprivnica-Križevci County	#3d9981
division	Korinthia	#3ba17c
division	Koroska	#3d9883
division	Kortrijk	#3e9491
division	Kosice	#3e9678
division	Kosovo	#3d9c7c
division	Kosovska Mitrovica	#3d9c7c
division	Kostanay Region	#42933e
division	Kostoliste	#3e967f
division	Kostroma Region	#3f8c56
division	Kouilou	#29ccae
division	Koulikoro Region	#32a7ba
division	Kozani	#3c9f7c
division	Krabi	#8cbf30
division	Kragujevac	#3d9b7b
division	Kraljevo	#3d9b7c
division	Kralovehradecky Kraj	#3e947f
division	Kralovehradecky Region	#3e947f
division	Kranj	#3d9984
division	Kranjska Gora	#3d9885
division	Krapina-Zagorje County	#3d9982
division	Krasnodar	#3d995d
division	Krasnoyarsk	#688640
division	Kravany	#3e9677
division	Kribi	#2dc4ae
division	Krivá	#3e957a
division	Kronoberg	#3f8e7c
division	Krusevac	#3d9b7b
division	Kuala Lumpur	#95c42d
division	Kujawsko-Pomorskie	#3e9179
division	Kumamoto	#a6943a
division	Kunene	#1fdbb2
division	Kunice	#3e957f
division	Kurdistan	#3ba353
division	Kurdistan Region	#3ba356
division	Kursk Region	#58923e
division	Kuwait	#39aa52
division	Kwale	#29cc64
division	Kwara State	#30beb6
division	KwaZulu-Natal	#18e47f
division	Kweneng District	#1ce091
division	Kwilu	#29cc9b
division	Kyiv	#3e946a
division	Kyiv Region	#3e946a
division	Kyoto	#a4893b
division	Kyrgyzstan	#549d3c
division	Kyushu	#a6933a
division	Kyustendil	#3c9d7a
division	Kyusyu	#a6933a
division	Kyzylorda Region	#429a3d
division	La Guaira	#4531bd
division	La Guajira	#5231bc
division	La Libertad	#5f27cf
division	La Libertad PE	#5f27cf
division	La Libertad SV	#7832ba
division	La Louvière	#3e9490
division	La Pampa	#2a11ed
division	La Paz	#3e21d8
division	La Paz BO	#3e21d8
division	La Paz HN	#7433b9
division	La Paz SV	#7732ba
division	La Rioja	#3c979d
division	La Rioja AR	#3317e5
division	La Rioja ES	#3c979d
division	La Romana	#4b35b5
division	La Vega	#4e35b4
division	Laamu Atoll	#4dc52d
division	Labe	#329dbb
division	Labe Region	#329dbb
division	Labuan	#b5c22e
division	Ladakh	#58a53a
division	Lääne	#3f8c6f
division	Lääne-Viru	#3f8b6b
division	Laghouat	#3aa5a2
division	Lagos	#2fc1bb
division	Lahore	#53a73a
division	Laikipia	#2cc76a
division	Laken	#3e948f
division	Lakes	#ee1f10
division	Lakshadweep	#50bc31
division	Lalitpur	#68ab38
division	Lam Dong	#9fbc32
division	Lambarene	#2bc8b0
division	Lambayeque	#6328ce
division	Lamentin	#3a34b7
division	Lampang	#88b435
division	Lamphun	#87b535
division	Lampung	#a2cc29
division	Lamu	#2aca5f
division	Lanao del Norte	#bfb730
division	Landen	#673ca0
division	Lang Son	#95b136
division	Lao Cai	#90b136
division	Laois	#3e8692
division	Laos	#8fb335
division	Lapland	#408366
division	Lara	#4b31bd
division	Larnaca	#3ba46a
division	Las Piedras	#131cea
division	Latgale	#3f8e6c
division	Latvia	#3f8e6e
division	Lavalleja	#1321ea
division	Lazio	#3c9d8a
division	Le Gosier	#3a34b7
division	Le Moule	#3a34b7
division	Lebanon	#3aa567
division	Leiden	#3e938e
division	Leinster	#3e8692
division	Leiria	#3c8f9f
division	Leitrim	#3f8491
division	Leningrad Oblast	#3f8b64
division	Leon	#7332bb
division	Leribe	#18e588
division	Les Abymes	#3a34b7
division	Leskovac	#3d9c7a
division	Lesotho	#17e587
division	Leuven	#3e948f
division	Levice	#3e977c
division	Liaoning	#9e993c
division	Liberec Region	#3e9480
division	Liberia	#2fa8c2
division	Libochovicky	#3e9581
division	Libreville	#2cc7b1
division	Libya	#38ad8d
division	Liechtenstein	#3d988b
division	Liège	#3e948e
division	Liguria	#3d9a8e
division	Lika-Senj County	#3d9a84
division	Lima	#5a24d3
division	Limburg	#3e948d
division	Limburg BE	#3e948d
division	Limburg NL	#3e948d
division	Limerick	#3e8592
division	Limon	#6b31bd
division	Limpopo	#1cdf82
division	Linter	#3e948e
division	Lipetsk	#3e925d
division	Lisbon	#3c8fa0
division	Lithuania	#3f8f70
division	Litomerice-Brnay	#3e9481
division	Litoral	#2cc6af
division	Littoral	#2ec3ac
division	Littoral BJ	#2fc1bd
division	Littoral CM	#2ec3ac
division	Livingstone	#20d98c
division	Livno	#3d9b82
division	Ljubljana	#3d9984
division	Lobatse	#1be18f
division	Łódzkie	#3e9379
division	Loei	#8db634
division	Lofa	#2fa4c0
division	Loja	#6329cb
division	Lokossa	#2fc1bf
division	Lombardy	#3d998c
division	Long An	#9dbd31
division	Longford	#3f8591
division	Lop Buri	#8db833
division	Lorestan	#3aa550
division	Loreto	#5529cc
division	Lorraine	#3e968e
division	Los Lagos	#440cf2
division	Los Rios CL	#430ef0
division	Los Rios EC	#622bc9
division	Los Roques	#4530bf
division	Los Santos	#6430bf
division	Louga	#3394b8
division	Louisiana	#7739a8
division	Louth	#3f8691
division	Lovech	#3d9c76
division	Lower Austria	#3e9680
division	Lower Manya Krobo	#2fbfc1
division	Lower Saxony	#3e9287
division	Lualaba	#26d192
division	Luanda	#26d0ad
division	Luang Namtha	#8ab236
division	Luang Prabang	#8db335
division	Luapula	#24d37f
division	Lubelskie	#3e9475
division	Lubombo	#1ae27a
division	Lubuskie	#3e937e
division	Lucerne	#3d988d
division	Lucknow	#5fac38
division	Luhansk Oblast	#3e955e
division	Lumbini	#64ac38
division	Lummen	#3e948e
division	Lusaka	#22d784
division	Luxembourg	#3e958e
division	Luxembourg BE	#3e958e
division	Luxembourg LU	#3e958d
division	Lviv	#3e9573
division	M'Sila Province	#3ba39d
division	Maafushi	#4ec32e
division	Maaseik	#3e948d
division	Mabeleapodi	#1dde8a
division	Mabuo	#1ae19e
division	Machakos	#2bc968
division	Madagascar	#1fda4c
division	Madhesh	#68ac38
division	Madhya Pradesh	#5bb036
division	Madinah	#37af61
division	Madre de Dios	#4624d3
division	Madrid	#3c979e
division	Mae Hong Son	#85b435
division	Mafeteng	#17e68b
division	Mafraq	#3aa663
division	Magadan	#8b643f
division	Magallanes	#3802fd
division	Magdalena	#5631bd
division	Maglaj	#3d9a80
division	Maha Sarakham	#91b734
division	Mahajanga	#22d74d
division	Mahama Refugee Camp	#2aca7a
division	Maharashtra	#55b335
division	Mahdia	#3ba493
division	Maiduguri	#32bb9f
division	Maine	#4d3d99
division	Maio	#3382b8
division	Makindu	#2aca67
division	Makkah	#36b261
division	Maku	#3c9f57
division	Malacky	#3e967f
division	Malatswae	#1ddd8d
division	Malawi	#23d573
division	Malaysia	#b2c52d
division	Maldives	#4ec32e
division	Maldonado	#1320eb
division	Malé	#4ec32e
division	Mali	#34b0b7
division	Malopolskie	#3e9579
division	Malta	#3ba38c
division	Maluku	#cdb128
division	Malý Dunaj	#3e977e
division	Mamou	#319ebd
division	Manabi	#632bc8
division	Managua	#7132bb
division	Manawatu-Whanganui	#ef1f0f
division	Mandalay	#7fb136
division	Mandera	#2dc460
division	Mangystau Region	#3d9b49
division	Manica	#1fda76
division	Manicaland	#1fdb78
division	Manila	#b9b733
division	Manipur	#7aae37
division	Manitoba	#743f90
division	Mannar	#5ebe30
division	Manouba	#3ba293
division	Manzini	#1ae27c
division	Maputo	#1ae278
division	Maradi	#32baac
division	Maramures	#3e9774
division	Maranhão	#294dcc
division	Marche	#3d9b88
division	Marche-en-Famenne	#3e958e
division	Mardin	#3ba25d
division	Margibi	#2fa5c1
division	Mari El	#3f8e50
division	Maribor	#3d9882
division	Marijampoles Apskritis	#3f9072
division	Maritime	#2fc1c0
division	Maritime Region	#2fc1c0
division	Marmara	#3c9e72
division	Maroodi Jeex	#2fc14e
division	Marrakech-Safi	#3a96a7
division	Martin	#3e967b
division	Martinique	#3833b9
division	Maryland	#5a3ca0
division	Maryland LR	#2eadc3
division	Masaya	#7132bb
division	Maseru	#17e58a
division	Mashhad	#3ba33d
division	Mashonaland Central	#21d87b
division	Mashonaland East Province	#20d97a
division	Mashonaland West Province	#21d980
division	Masovia	#3f9174
division	Massachusetts	#523c9d
division	Masvingo	#1edc7d
division	Matagalpa	#6f32ba
division	Matale	#60c030
division	Matam	#3397b8
division	Matara	#60c12f
division	Mathiveri	#4cc32e
division	Matlhakola	#1cde89
division	Mato Grosso	#2429d4
division	Mato Grosso do Sul	#1f2cdb
division	Maule	#4112eb
division	Maun	#1fdc95
division	Maunatlala	#1dde88
division	Mauren	#3d988b
division	Mauritania	#359db3
division	Mauritius	#1edc28
division	Mayo	#3f8391
division	Mayotte	#24d452
division	Mazowieckie	#3e9276
division	Mbabane	#1ae27d
division	Mbalambi	#1edc88
division	Mbour	#3390b9
division	Meath	#3f8791
division	Mecca	#36b15e
division	Mechelen	#3e948f
division	Mecklenburg-Vorpommern	#3f9181
division	Medea	#3ba3a0
division	Medenine	#3aa694
division	Medimurje County	#3d9881
division	Medvedja	#3d9c7b
division	Medvedzie	#3e957a
division	Meemu Atoll	#4ec52d
division	Meghalaya	#74ae37
division	Mehedinti	#3d9a78
division	Meknes	#3a99a5
division	Melaka	#97c52d
division	Melbourne	#ee9210
division	Melilla	#3b9da4
division	Melnik	#3e9481
division	Menabe	#1edc50
division	Mendoza	#3613eb
division	Menofia Governorate	#39a971
division	Mepel	#3e928b
division	Merida	#4e30bf
division	Messinia	#3ba27e
division	Meta	#522dc4
division	Métropole	#3934b7
division	Meuse	#3e968f
division	Mexico	#8b35b4
division	Mexico City	#8b35b4
division	Miaoli County	#aeae37
division	Michigan	#663d9a
division	Michoacan	#9135b4
division	Midcentral	#f01e0e
division	Midlands	#1fdb80
division	Midtjylland	#3f8e83
division	Midway Islands	#804060
division	Mie	#a4883a
division	Migori	#2bc870
division	Miklavž na Dravskem Polju	#3d9882
division	Miloslavov	#3e977e
division	Mimaropa	#bab832
division	Minas Gerais	#204cda
division	Minieh-Danniyeh	#3aa566
division	Minnesota	#743d99
division	Minsk	#3f916c
division	Minsk Region	#3f916c
division	Mioveni	#3d9a75
division	Miranda	#4331bd
division	Mirpur	#73af37
division	Misiones	#1928e2
division	Misiones AR	#1928e2
division	Misiones PY	#191fe3
division	Mississippi	#723aa6
division	Missouri	#743ba1
division	Mitrovica	#3d9c7c
division	Miyagi	#a4813b
division	Miyazaki	#a7933a
division	Mizoram	#78b037
division	Moca	#4e35b4
division	Mochudi	#1be08d
division	Mogilev Region	#3f9168
division	Mohale's Hoek	#17e68a
division	Mohammedia	#3a96a5
division	Moheli	#24d456
division	Moka	#1edc28
division	Moldova	#3d976e
division	Molenbeek-Saint-Jean	#3e948f
division	Molise	#3c9d87
division	Mombasa	#29cb62
division	Monaco	#3d9b91
division	Monagas	#3b30be
division	Monaghan	#3f8691
division	Monaragala	#62c02f
division	Monastir	#3ba392
division	Mongolia	#7d973e
division	Monimoimdji	#24d456
division	Mono	#2fc1bf
division	Mons	#3e9490
division	Monsea'Or Nouel	#4e35b4
division	Montana	#8d3d98
division	Montana BG	#3d9b78
division	Montenegro	#3d9c7e
division	Montevideo	#131ceb
division	Montserrado	#2fa4c1
division	Montserrat	#3c34b6
division	Mopti	#33aeb9
division	Mopti Region	#33adb9
division	Moquegua	#4621d8
division	Moravian-Silesian Region	#3e957c
division	Moravica District	#3d9b7d
division	More Og Romsdal	#3f8880
division	Morelos	#8b35b4
division	Morne À l'Eau	#3a34b7
division	Morocco	#3a9aa6
division	Morona Santiago	#5e2aca
division	Moscow	#3f8f5e
division	Moscow Oblast	#3f8f5d
division	Moscow Region	#3f8f5d
division	Mostar	#3d9b81
division	Motopi	#1edc92
division	Mount Lebanon	#3aa567
division	Mouscron	#3e9491
division	Mouzdalifa-Moheli	#32bb59
division	Mozambique	#1fdb70
division	Mpumalanga	#1ae17f
division	Muchinga	#24d378
division	Mudug	#2fc14d
division	Mukdahan	#93b634
division	Multan	#4da939
division	Mumbai	#4fb435
division	Munich	#3e9787
division	Muntenia	#3d9a73
division	Muranga County	#2bc869
division	Muranska Huta	#3e967a
division	Murcia	#3b9da1
division	Mures	#3d9874
division	Murmansk	#40835e
division	Murska Sobota	#3d9881
division	Musandam	#38ad40
division	Muscat	#37af3b
division	Mutne Dulov	#3e957a
division	Muzafargarh	#4da939
division	Myanmar	#80b236
division	Myeik	#89bb32
division	Mykolaiv Region	#3e9769
division	Mymensingh	#73ae37
division	Myto Pod Dumbierom	#3e967a
division	Māzandarān	#3ba34a
division	N'Djamena	#32bb9b
division	N'Zerekore	#30a8bf
division	Nabatieh	#3aa667
division	Nabeul	#3ba292
division	Nablus	#3aa768
division	Nachod	#3e947e
division	Nagaland	#7aad38
division	Nagano	#a3843b
division	Nagasaki	#a6953a
division	Nairobi	#2bc96a
division	Nakhon Nayok	#8eb933
division	Nakhon Pathom	#8bb933
division	Nakhon Phanom	#94b634
division	Nakhon Ratchasima	#8fb833
division	Nakhon Sawan	#8ab733
division	Nakhon Si Thammarat	#8dbf30
division	Nakhonnayok	#8eb933
division	Nakuru	#2bc86c
division	Nam Dinh	#95b335
division	Namestovo	#3e957a
division	Namibe	#22d7b3
division	Namibia	#1cdfaa
division	Nampula	#22d663
division	Namur	#3e948f
division	Nan	#8ab435
division	Nandi	#2cc76e
division	Naousa	#3ba278
division	Napo	#5e2bc8
division	Nara	#a5893a
division	Narathiwat	#94c12f
division	Narino	#5e2cc6
division	Narok	#2bc96d
division	Nasarawa State	#30bfad
division	National Capital Region	#b9b733
division	Navarra	#3d989c
division	Navassa Island	#5835b5
division	Nay Pyi Taw	#80b335
division	Nayarit	#9536b1
division	Naypyitaw	#80b335
division	Neamt	#3d9871
division	Nebraska	#7f3c9d
division	Neembucu	#191be3
division	Negeri Sembilan	#96c52d
division	Nelson Marlborough	#f1270d
division	Nenets Autonomous Okrug	#408344
division	Nepal	#65ab38
division	Netanya	#3aa769
division	Netherlands	#3e938d
division	Netivot	#39a86a
division	Neuchâtel	#3d988f
division	Neufchâteau	#3e958e
division	Neuquen	#3910ee
division	Nevada	#9d3ca0
division	Nevsehir	#3ca067
division	New Brunswick	#493d98
division	New Caledonia	#dd4c1e
division	New Hampshire	#513d9c
division	New Jersey	#563c9f
division	New Mexico	#8e3aa4
division	New South Wales	#e88c15
division	New Taipei City	#aeac37
division	New York	#553c9e
division	New Zealand	#f1280d
division	Newfoundland and Labrador	#423f91
division	Ngazidja	#24d357
division	Nghe An	#93b435
division	Ngororero	#2ac97d
division	Niakara	#30b0bf
division	Niamey	#32bab7
division	Niassa	#23d56b
division	Nicaragua	#6f32bb
division	Nidwalden	#3d988d
division	Niedersachsen	#3e9287
division	Niger	#34b5a1
division	Niger State	#31bdb2
division	Nigeria	#31bdad
division	Niigata	#a1823b
division	Niksic	#3d9c7f
division	Nile River Cruise	#37af6f
division	Nimba	#2fa9c0
division	Ningxia	#89a23b
division	Ninh Binh	#95b335
division	Ninh Thuan	#a1bb32
division	Nis	#3d9c7a
division	Nitra	#3e967d
division	Nivelles	#3e948f
division	Nizhny Novgorod	#3f8f55
division	Nógrád	#3e977b
division	Nong Bua Lam Phu	#8fb634
division	Nong Bua Lamphu	#8eb634
division	Nong Khai	#8fb534
division	Nonthaburi	#8db933
division	Nord	#5235b3
division	Nord Kivu	#2bc87f
division	Nordjylland	#3f8e82
division	Nordland	#408375
division	Normandie	#3e9596
division	Norrbotten	#40846e
division	Norte de Santander	#5230bf
division	North Aegean	#3ca076
division	North Aegean Islands	#3ca076
division	North America	#8338ab
division	North Bačka District	#3d997c
division	North Banat District	#3d997b
division	North Batinah	#37ae40
division	North Brabant	#3e938d
division	North Carolina	#5e3ba3
division	North Central Province	#5fbf30
division	North Dakota	#7c3e97
division	North District	#3aa668
division	North-East District	#1edd88
division	North East Region	#31b9bd
division	North Governorate	#3aa566
division	North Holland	#3e928d
division	North Jeolla	#a4973a
division	North Kalimantan	#bac42d
division	North-Kazakhstan Region	#4a913f
division	North Macedonia	#3c9d7c
division	North Maluku	#c7b32c
division	North Region (Cameroon)	#30bea0
division	North Rhine Westphalia	#3e938a
division	North Sharqiyah	#36b13b
division	North Sulawesi	#c6bc2c
division	North Sumatra	#90c52d
division	North-West	#1ae28f
division	North-West CH	#3e978e
division	North-West District	#1fdb95
division	North-West ZA	#1ae28f
division	North Western Province	#5ebf30
division	North-Western Zambia	#23d58c
division	Northeast Kenya	#2cc661
division	Northeastern Region MK	#3c9d7b
division	Northern	#2dc575
division	Northern Cape	#17e59f
division	Northern Ireland	#3f8690
division	Northern Mariana Islands	#b98133
division	Northern Mindanao	#bfb430
division	Northern Province	#5fbe30
division	Northern Province LK	#5fbe30
division	Northern Province RW	#2bc97c
division	Northern Region GH	#30babe
division	Northern Region MW	#25d373
division	Northern Region UG	#2dc473
division	Northern Territory	#dbb51f
division	Northern Zambia	#26d17b
division	Northland	#eb2912
division	Norway	#40867a
division	Nossa Senhora da Graça	#347db6
division	Nossa Senhora da Luz	#347eb6
division	Nottinghamshire	#3e8f92
division	Nouackchott	#3590b5
division	Nouvelle-Aquitaine	#3d9899
division	Nova Scotia	#453d9a
division	Nove Mesto nad Vahom	#3e967d
division	Nove Zamky	#3e977d
division	Novgorod	#3f8c64
division	Novi Pazar	#3d9c7d
division	Novi Sad	#3d9a7c
division	Novi Travnik	#3d9b80
division	Novo Mesto	#3d9983
division	Novosibirsk	#58903f
division	Ñuble	#4211ec
division	Nučice	#3e9581
division	Nueva Esparta	#3e31bc
division	Nueva Loja	#5b2cc7
division	Nuevo Leon	#8938ad
division	Nur-Sultan	#4e943e
division	Nusa Tenggara Barat	#c7d026
division	Nuwara Eliya	#60c02f
division	Nyabihu	#2bc97d
division	Nyamagabe	#2aca7e
division	Nyamasheke	#2aca7f
division	Nyandarua	#2bc86b
division	Nyanza	#29cc7e
division	Nyarugenge	#2ac97c
division	Nyeri	#2bc869
division	Nzerekore Region	#30a7bf
division	O'Higgins	#4013ea
division	Oaxaca	#8734b6
division	Obalnokraska	#3d9985
division	Obwalden	#3d988d
division	Occitanie	#3d9b97
division	Oceania	#e1781b
division	Ocotepeque	#7733b9
division	Odesa	#3d986b
division	Odesa Region	#3d996c
division	Odisha	#69b236
division	Odolena Voda	#3e9581
division	Öland	#3f8e79
division	Offaly	#3e8592
division	Ogun State	#2fc0ba
division	Ohangwena	#20d9a8
division	Ohio	#643c9f
division	Oita	#a6923a
division	Okayama	#a48c3a
division	Okinawa	#ad9e38
division	Oklahoma	#7e3ba4
division	Olancho	#7033b8
division	Olomouc Region	#3e957e
division	Oltenia	#3d9a77
division	Omaheke	#1ddea2
division	Oman	#36b23d
division	Omsk	#50903f
division	Omusati	#20daaf
division	Ondo State	#2fc0b6
division	Ontario	#5d3d9a
division	Oost-Vlaanderen	#3e9490
division	Oostende	#3e9491
division	Opolskie	#3e947c
division	Oran	#3ba0a3
division	Orange Walk	#7634b5
division	Orapa	#1edd8f
division	Oravska Lesna	#3e957b
division	Orebro	#3f8b79
division	Orebro Lan	#3f8b79
division	Oregon	#9b3d98
division	Orellana	#5a2bc8
division	Orenburg	#3e9347
division	Oromia	#30c061
division	Oroshaza	#3d987a
division	Oruro	#3c1fda
division	Oryol	#3e9261
division	Osaka	#a4893a
division	Oshana	#20daac
division	Oshikoto	#20daa8
division	Osijek	#3d997e
division	Osijek-Baranja	#3d997e
division	Osijek-Baranja County	#3d997e
division	Oslo	#3f8b7e
division	Osrednjeslovenska	#3d9984
division	Ostergotland	#3f8c79
division	Ostrobothnia	#3f886f
division	Osun State	#30c0b7
division	Otago	#f53109
division	Otjozondjupa	#1fdca4
division	Ouargla	#39a89d
division	Ouarzazate	#39a89d
division	Oudenaarde	#3e9490
division	Oudomxai	#8cb335
division	Oueme	#2fc1bd
division	Ouest	#5235b4
division	Overijssel	#3e928b
division	Oyo State	#30bfb9
division	P.A. Bolzano	#3d9889
division	Pa Trento	#3d9989
division	Paal	#3e948e
division	Päijät-Häme	#3f896b
division	Pärnu	#3f8d6d
division	Pahang	#99c32e
division	Pakistan	#4ba939
division	Palau	#c2a32e
division	Palestine	#3aa768
division	Palmyra Atoll	#c12f56
division	Palu	#c7c82b
division	Pamplemousses	#1edc28
division	Panama	#6630bf
division	Panama Center	#6230be
division	Panama City	#6230be
division	Panama Oeste	#6330bf
division	Pando	#3d25d3
division	Panevezio Apskritis	#3f8f6f
division	Papua	#cc9b29
division	Papua New Guinea	#cd8b28
division	Para	#293acc
division	Paraguari	#1a1fe1
division	Paraguay	#1c1edf
division	Paraiba	#2765cf
division	Paraná	#1b31e1
division	Pardesia	#3aa769
division	Pardubice Region	#3e957f
division	Paro	#70ac38
division	Partizanske	#3e967c
division	Pasco	#5525d2
division	Pastaza	#5b2bc9
division	Pathum Thani	#8db933
division	Pattani	#92c02f
division	Pavlodar Region	#55933e
division	Pavlovce nad Uhom	#3e9677
division	Pays de la Loire	#3e9597
division	Paysandu	#1517e8
division	Pazardzhik	#3c9d77
division	Peje	#3d9c7d
division	Pelagonia	#3c9e7c
division	Peloponnese	#3ba27d
division	Penang	#90c22e
division	Pennsylvania	#5a3c9e
division	Penza	#3e9254
division	Perak	#92c22e
division	Peravia	#4e35b5
division	Perlis	#90c12f
division	Perm Krai	#3f8c45
division	Pernambuco	#2664d0
division	Pernica	#3d9882
division	Pernik	#3d9c79
division	Perseverance	#29cc37
division	Peru	#5525d1
division	Peshawar	#4ea53a
division	Pest County	#3e977c
division	Petah Tikva	#3aa769
division	Peten	#7834b6
division	Pezinok	#3e967e
division	Phang Nga	#8bbf30
division	Phatthalung	#8fc030
division	Phayao	#89b435
division	Phetchabun	#8db734
division	Phetchaburi	#8bba32
division	Philippeville	#3e958f
division	Philippines	#bab732
division	Phitsanulok	#8bb634
division	Phnom Penh	#98bc32
division	Phra Nakhon Si Ayutthaya	#8cb933
division	Phrae	#89b535
division	Phu Tho	#92b236
division	Phuket	#8abf30
division	Piaui	#2754cf
division	Pichincha	#5f2bc7
division	Piedmont	#3d9a90
division	Piestany	#3e967d
division	Pingtung County	#b0b036
division	Pirkanmaa	#3f896d
division	Pirot	#3d9c79
division	Pitesti	#3d9a75
division	Pitsane	#1ae18f
division	Piura	#6429cc
division	Plaine-Wilhems	#1edc28
division	Plana	#3e9682
division	Planken	#3d988b
division	Plateau Central	#32b6bb
division	Plateau State	#30beaa
division	Plateaux	#30c0c0
division	Pleven	#3d9b76
division	Pljevlja	#3d9b7e
division	Ploiesti	#3d9a73
division	Plovdiv	#3c9d76
division	Plzeň Region	#3e9583
division	Plzensky Kraj	#3e9583
division	Podgorica	#3c9c7f
division	Podkarpackie	#3e9576
division	Podlaskie	#3e9173
division	Podravska	#3d9882
division	Podunavlje District	#3d9a7b
division	Pointe-A-Pitre	#3a34b7
division	Pokhara	#65ab38
division	Pokot	#2dc56e
division	Poland	#3e9379
division	Polleur	#3e948d
division	Poltava	#3e9565
division	Pomoravlje District	#3d9b7b
division	Pomorskie	#3f9079
division	Pomurska	#3d9881
division	Poprad	#3e9679
division	Port City	#5ec02f
division	Port-Gentil	#2bc8b4
division	Port Louis	#1edc28
division	Portugal	#3c909f
division	Portuguesa	#4a30be
division	Posavska	#3d9983
division	Potosi	#381edc
division	Pozega-Slavonia County	#3d9980
division	Prachinburi	#8fb933
division	Prachuap Khiri Khan	#8cbb32
division	Prague	#3e9581
division	Prahova	#3d9a73
division	Presidente Hayes	#1c1cdf
division	Prešov	#3e9678
division	Prienai	#3f9071
division	Prievidza	#3e967c
division	Primorje-Gorski Kotar County	#3d9984
division	Primorskonotranjska	#3d9985
division	Primorsky	#9a833d
division	Prince Edward Island	#453d98
division	Pristina	#3d9c7c
division	Prizren	#3c9d7d
division	Prizren XK	#3c9d7d
division	Prnjavor	#3d9a80
division	Prokuplje	#3d9c7b
division	Provence-Alpes-Côte d'Azur	#3d9b93
division	Province 1	#6bac38
division	Province 2	#68ac38
division	Pskov	#3f8e69
division	Pskov Oblast	#3f8d69
division	Ptolemaida	#3c9e7c
division	Puducherry	#5ebc31
division	Puebla	#8935b4
division	Puerto Plata	#4f35b3
division	Puerto Rico	#4635b5
division	Pula	#3d9a86
division	Punakha	#70ab38
division	Punjab	#55a839
division	Punjab IN	#55a839
division	Punjab PK	#4ea839
division	Puno	#4422d7
division	Puntarenas	#6e31bd
division	Putrajaya	#95c42d
division	Putumayo	#592cc7
division	Pyin Oo Lwin	#80b136
division	Põlva	#3f8d6b
division	Qacha's Nek	#17e686
division	Qalqilya	#3aa769
division	Qalyubiyya	#39a970
division	Qashqadaryo Region	#44a03c
division	Qatar	#37ae4a
division	Qazvin	#3ba34e
division	Qinghai	#79a43b
division	Qom	#3aa44c
division	Quang Nam	#9cb833
division	Quang Tri	#99b634
division	Quangninh	#97b236
division	Quebec	#533e92
division	Queensland	#df911c
division	Quelimane	#20d96a
division	Queretaro	#8d36b3
division	Quetzaltenango	#7d33b8
division	Quiche	#7b33b8
division	Quindio	#582ec3
division	Quintana Roo	#7335b3
division	Quito	#5f2bc8
division	Quthing	#16e688
division	Raa Atoll	#4dc22f
division	Raanana	#3aa769
division	Rabat	#3a97a5
division	Rabca	#3e957a
division	Rades	#3ba292
division	Radviliskio Apskritis	#3f8f71
division	Rajanpur	#4baa39
division	Rajasthan	#52ad38
division	Rajshahi	#6faf37
division	Rakhine	#7cb435
division	Rakhuna	#1ae18f
division	Rakops	#1edd92
division	Ramallah and al-Bireh Governorate	#3aa768
division	Ramat Gan	#3aa76a
division	Ramla	#3aa769
division	Rangpur	#70ad38
division	Ranong	#8abd31
division	Rapla	#3f8c6d
division	Rasdhoo	#4dc32e
division	Rasina District	#3d9b7b
division	Raška District	#3d9c7c
division	Ratchaburi	#8aba33
division	Rautahat	#68ac38
division	Rawalpindi	#50a53a
division	Rayong	#8fba32
division	Razavi Khorasan	#3ba33e
division	Razgrad	#3d9b73
division	Red River Delta	#94b236
division	Red Sea	#37ae6c
division	Red Sea State	#35b369
division	Region de la Araucania	#420fee
division	Region de Magallanes y de la Antartica Chilena	#3802fd
division	Region Metropolitana de Santiago	#3f14e9
division	Republic of Bashkortostan	#3f9045
division	Republic of Crymea	#3d9966
division	Republic of Mordovia	#3f9055
division	Republic of North Ossetia-Alania	#3d9c57
division	Republic of Sakha	#847f40
division	Republic of Srpska	#3d9a81
division	Republic of Tatarstan	#3f904c
division	Republic of the Congo	#2bc8a2
division	Retalhuleu	#7d33b9
division	Réunion	#1edd2e
division	Revuca	#3e967a
division	Reykjavik	#406b86
division	Rezina	#3e976d
division	Rheinland-Pfalz	#3e958c
division	Rhode Island	#513c9d
division	Riau	#96c62c
division	Riau Island	#96c62c
division	Riau Islands	#9ec82b
division	Riga	#3f8e6f
division	Rimavska Sobota	#3e967a
division	Rio de Janeiro	#1c4fdf
division	Rio Grande do Norte	#2864cd
division	Rio Grande do Sul	#172ae5
division	Rio Negro	#1e0ef1
division	Risaralda	#592ec2
division	Rivas	#7031bc
division	Rivera	#1621e7
division	Rivers	#2ec2b4
division	Riviere Du Rempart	#1edc28
division	Rivne	#3e9470
division	Riyadh	#37b056
division	Rocha	#1324ea
division	Rodopi	#3c9e76
division	Rodrigues	#27db1f
division	Roermond	#3e948c
division	Roeselaere	#3e9491
division	Roeselare	#3e9491
division	Rogaland	#3f8c86
division	Roi Et	#93b733
division	Rolpa	#63ab38
division	Romania	#3d9974
division	Rondonia	#3125d2
division	Ropazu Novads	#3f8e6f
division	Roraima	#342dc5
division	Roscommon	#3f8491
division	Rostock	#3f9181
division	Rostov	#3d985d
division	Rozaje	#3d9c7d
division	Ruggell	#3d988b
division	Ruisbroek (Vl.-Br.)	#3e948f
division	Ruse	#3d9b74
division	Rusizi	#2aca7f
division	Russia	#6b8640
division	Ruzomberok	#3e967b
division	Rwanda	#2ac97c
division	Ryazan	#3f905b
division	Sa Kaeo	#90b933
division	Saare	#3f8d71
division	Saarland	#3e958d
division	Sabac	#3d9a7d
division	Sabah	#bac22e
division	Sabaragamuwa Province	#5fc02f
division	Sacatepequez	#7b33b9
division	Saga	#a6943a
division	Sagaing	#7daf37
division	Sahy	#3e977c
division	Saint Barthélemy	#3d34b5
division	Saint-François	#3934b7
division	Saint Kitts and Nevis	#3d34b6
division	Saint Lucia	#3833b9
division	Saint Martin	#3e34b5
division	Saint-Petersburg	#3f8b66
division	Saint-Saulve	#3e9491
division	Saint Vincent and the Grenadines	#3832ba
division	Sainte-Anne	#3a34b7
division	Sainte-Rose	#3a34b7
division	Saitama	#a3813b
division	Sakarya	#3c9e6e
division	Sakhalin	#94733e
division	Sakhalin Region	#95733e
division	Sakon Nakhon	#92b634
division	Sal	#3482b6
division	Sala	#3e977d
division	Salahuddin	#3aa459
division	Salatiga	#b3cf27
division	Salé	#3a97a5
division	Salta	#2e1be1
division	Salto	#1618e7
division	Salzburg	#3e9785
division	Samara	#3f914d
division	Samara Region	#3e914c
division	Samtskhe-Javakheti	#3c9d59
division	Samut Prakan	#8dba33
division	Samut Prakarn	#8dba33
division	Samut Sakhon	#8cba33
division	Samut Songkhram	#8cba32
division	San Andres	#522fc0
division	San Andres y Providencia	#6632ba
division	San Cristobal	#4d35b5
division	San Jose	#6d31bd
division	San Juan	#3b16e6
division	San Juan AR	#3916e6
division	San Luis	#2e14e9
division	San Luis Potosi	#8c36b1
division	San Marcos	#7d33b8
division	San Martin	#5a27ce
division	San Miguelito	#6230be
division	San Pedro	#1b22e0
division	San Pedro de Macoris	#4c35b5
division	San Salvador	#7833b9
division	San Salvador SV	#7833b9
division	Sangmelima	#2dc4a9
division	Sankt Gallen	#3e978b
division	Sanmihaiu Roman	#3d997a
division	Santa Ana	#7833b9
division	Santa Barbara	#7533b8
division	Santa Catarina	#1937e3
division	Santa Cruz	#2920d9
division	Santa Cruz AR	#3306f9
division	Santa Cruz BO	#2920d9
division	Santa Elena	#652aca
division	Santa Fe	#1f17e6
division	Santa Rosa	#7a33b9
division	Santander	#532fc1
division	Santarem	#3c8fa0
division	Santarem PT	#3c8fa0
division	Santiago	#3381b8
division	Santiago CV	#3381b8
division	Santiago de Veraguas	#6530bf
division	Santiago del Estero	#2919e3
division	Santiago DO	#4f35b4
division	Santo Domingo	#612bc8
division	Santo Domingo de los Tsachilas	#612bc8
division	São Paulo	#1c43df
division	Sao Tome and Principe	#2cc7b8
division	Sao Vicente	#347eb6
division	Saraburi	#8db933
division	Sarajevo	#3d9b7f
division	Saratov	#3e9353
division	Sarawak	#b2c52d
division	Sardinia	#3c9f91
division	Sargodha	#50a73a
division	Sarlahi	#68ac38
division	Saskatchewan	#803f91
division	Satun	#8fc02f
division	Saudi Arabia	#37ae56
division	Savannakhet Province	#97b734
division	Savanne	#1edc28
division	Savinja	#3d9883
division	Savinjska	#3d9983
division	Saxony	#3e9482
division	Saxony-Anhalt	#3e9384
division	Schaan	#3d988b
division	Schaanwald	#3d988b
division	Schaarbeek	#3e948f
division	Schaffhausen	#3e978c
division	Schellenberg	#3d988b
division	Scherpenheuvel-Zchem	#3e948e
division	Schleswig-Holstein	#3f9184
division	Schwyz	#3d988c
division	Scotland	#3f878e
division	Sedhiou	#3295ba
division	Séguéla	#30adbf
division	Selangor	#95c42d
division	Semnan	#3ba446
division	Senec	#3e977e
division	Senegal	#3396b9
division	Seoul	#a1963b
division	Serbia	#3d9b7c
division	Sergipe	#2563d2
division	Serres	#3c9e79
division	Setif	#3ba39b
division	Settat	#3a96a6
division	Setúbal	#3c90a0
division	Seychelles	#29cc37
division	Sezimovo Usti	#3e9581
division	Sfax	#3aa494
division	Shaanxi	#8fa33b
division	Shahrekord	#3aa74c
division	Shandong	#9fa33b
division	Shanghai	#a8a639
division	Shanxi	#94a23b
division	Sharjah	#37ae42
division	Shaviyani Atoll	#54c02f
division	Sheikhupura	#52a73a
division	Shiga	#a4883b
division	Shimane	#a48e3b
division	Shiraz	#39a948
division	Shiselweni	#19e37c
division	Shizuoka	#a4843b
division	Shoam	#3aa769
division	Shumen	#3d9c72
division	Si Sa Ket	#94b833
division	Siauliai County	#3f8f71
division	Siauliu Apskritis	#3f8f71
division	Siaya	#2bc771
division	Sibenik-Knin County	#3d9b83
division	Sibiu	#3d9975
division	Sichuan	#87a839
division	Sicily	#3ba18b
division	Sidi Bel Abbes	#3aa2a4
division	Sidi Bouzid	#3ba495
division	Sidi Kacem	#3a99a5
division	Sidi Lahcen	#3a9ba5
division	Sidi Slimane	#3a98a5
division	Sierra Leone	#30a0bf
division	Siguiri	#31a4bc
division	Sihanoukville	#95bd31
division	Siirt	#3ba15b
division	Sikasso Region	#31acbc
division	Sikkim	#6eab38
division	Sikwane	#1be08c
division	Silistra	#3d9b71
division	Sinai	#39a96c
division	Sinaloa	#9837ae
division	Sindh	#48ae37
division	Singapore	#9cc62c
division	Singburi	#8cb833
division	Sint Maarten	#3e34b5
division	Sint-Michiels	#3e9490
division	Sint-Niklaas	#3e948f
division	Sint-Truiden	#3e948e
division	Sirajganj	#71af37
division	Sisak-Moslavina County	#3d9981
division	Sistan and Baluchestan	#39ab38
division	Sjaelland	#3f8f81
division	Skane	#3f8f7e
division	Skofija Loka	#3d9984
division	Skopje	#3c9d7c
division	Skydra	#3c9e7b
division	Slask	#3e947a
division	Slaskie	#3e947a
division	Slavetin	#3e9580
division	Sligo	#3f8390
division	Sliven	#3d9c74
division	Slovakia	#3e967b
division	Slovenia	#3d9984
division	Slovenska Bistrica	#3d9882
division	Småland	#3f8d7c
division	Smolensk Region	#3f9066
division	Smolyan	#3c9d77
division	Sobral de Monte AgracO	#3c8fa0
division	Soccsksargen	#c1b72f
division	Soccsksargen Region	#c1b72f
division	Soctrang	#9bbe31
division	Sodermanland	#3f8c77
division	Sofala	#1fdb71
division	Sofia	#3d9c78
division	Sohag	#38ac70
division	Soignies	#3e9490
division	Sokoto	#32bab0
division	Sokoto State	#32bab0
division	Soliman	#3ba292
division	Solomon Islands	#d06226
division	Solothurn	#3d988e
division	Somalia	#30bf4c
division	Somogy County	#3d987f
division	Son la	#90b236
division	Songkhla	#90c02f
division	Sonora	#9b39aa
division	Soriano	#1417e9
division	Sormland	#3f8c77
division	Soroca	#3e976e
division	Souss-Massa	#3997a9
division	Sousse	#3ba392
division	South	#3aa668
division	South Aegean	#3ba277
division	South Aegean Region	#3ba277
division	South Africa	#18e592
division	South America	#2324d5
division	South Australia	#e6af17
division	South Bačka District	#3d997c
division	South Banat District	#3d9a7b
division	South Batinah	#37af3e
division	South Canterbury	#f32b0b
division	South Carolina	#633aa5
division	South Central Coast	#a1ba32
division	South China	#8cac38
division	South Dakota	#7e3d9a
division	South District	#39a869
division	South Governorate	#3aa668
division	South Holland	#3e938e
division	South Kalimantan	#bdca2a
division	South Kazakhstan Region	#499c3d
division	South Khorasan	#3ca33b
division	South Korea	#a2953b
division	South Moravian Region	#3e967f
division	South Region	#2dc5aa
division	South Sinai	#39aa6c
division	South Sudan	#30bf7a
division	South Sulawesi	#cacb29
division	South Sumatra	#9fcb2a
division	South Tyrol	#3d9888
division	South-West	#2fc1bb
division	South West Region	#2ec2ae
division	South Yorkshire	#3f8e91
division	Southeast Region	#a1bd31
division	Southeast Sulawesi	#cbc729
division	Southeastern Region	#3c9d7a
division	Southern	#1be192
division	Southern Bohemia Region	#3e9682
division	Southern District	#1be092
division	Southern East	#1be192
division	Southern Finland	#3f8a6b
division	Southern Province	#60c12f
division	Southern Province LK	#60c12f
division	Southern Province RW	#2aca7d
division	Southern Region MW	#22d76f
division	Southern Zambia	#21d889
division	Southland	#f63709
division	Southwestern Region	#3c9d7d
division	Spain	#3c979e
division	Special Region of Yogyakarta	#b3cf27
division	Split	#3d9b83
division	Split-Dalmatia County	#3d9c84
division	Srem District	#3d9a7c
division	Sri Lanka	#60c030
division	St Eustatius	#3e34b6
division	St Jans Molenbeek	#3e948f
division	St-Joris-Weert	#3e948f
division	St-Louis	#3491b7
division	St. Lucia	#3833b9
division	Stann Creek	#7534b6
division	Stara Boleslav	#3e9581
division	Stara Zagora	#3c9c75
division	Stavropol	#3d9a57
division	Stefan Voda	#3d986d
division	Steung Treng	#99ba32
division	Stockholm	#3f8b76
division	Straseni	#3d986e
division	Stredocesky Region	#3e9582
division	Stropkov Region	#3e9677
division	Stupava	#3e967f
division	Styria	#3e9783
division	Suceava	#3e9771
division	Suchitepequez	#7c33b9
division	Sucre CO	#5730be
division	Sucumbios	#5a2bc7
division	Sud Kivu	#2acb81
division	Sud-Ouest	#31b3bd
division	Sud-Vest	#3d9a77
division	Sudan	#33b979
division	Sudurpaschim	#5eaa39
division	Suez	#39a96e
division	Sukhothai	#89b634
division	Sulawesi Selatan	#cacb29
division	Šumadija District	#3d9b7b
division	Sumatera Barat	#93c92b
division	Sumatera Selatan	#9fcb2a
division	Sumatera Utara	#90c52d
division	Sumatra	#97c72b
division	Sumy	#3e9463
division	Sumy Region	#3e9464
division	Suphan Buri	#8bb833
division	Surany	#3e977d
division	Surat Thani	#8bbe31
division	Surin	#93b833
division	Suriname	#2e34c3
division	Sverdlovsk	#418c3f
division	Sveti Nikole	#3c9d7b
division	Svit	#3e9679
division	Sweden	#3f8b7a
division	Swietokrzyskie	#3e9478
division	Swietokrzyskie Voivodeship	#3e9478
division	Switzerland	#3d988d
division	Świętokrzyskie Voivodeship	#3e9478
division	Syddanmark	#3f8f84
division	Sylhet	#75ae37
division	Syria	#3aa461
division	Szabolcs-Szatmár-Bereg County	#3e9777
division	Szeged	#3d997b
division	Tabasco	#7d34b5
division	Tachira	#5030bf
division	Tacna	#4420da
division	Tacuarembo	#1520e8
division	Tahiti	#d92079
division	Taichung	#afae37
division	Tainan	#b0b036
division	Taipei City	#aeac37
division	Taita Taveta	#2acb66
division	Taiwan	#afae37
division	Tajikistan	#4da03c
division	Tak	#88b634
division	Tamaulipas	#8837af
division	Tambov Region	#3e9259
division	Tamil Nadu	#5bbc31
division	Tamu	#7baf37
division	Tana River	#2bc963
division	Tangail	#72af37
division	Tanger-Tetouan-Al Hoceima	#3b98a4
division	Tanzania	#28ce6d
division	Taoyuan City	#aeac37
division	Tapesovo	#3e957a
division	Taraba	#30bfa8
division	Taranaki	#ef250f
division	Tarapacá	#411edc
division	Targovishte	#3d9c73
division	Tarija	#2e1ddd
division	Tartu	#3f8c6b
division	Tashkent	#499e3c
division	Tasmania	#f28d0c
division	Tataouine	#3aa797
division	Tatarstan	#3f8f49
division	Tatranská Štrba	#3e967a
division	Taurages Apskritis	#3f8f72
division	Tay Ninh	#9bbc31
division	Tbilisi	#3c9d56
division	Tchibanga	#2acaaf
division	Tehran	#3ba34b
division	Tekirdag	#3c9e72
division	Tel Aviv District	#3aa769
division	Telangana	#5cb535
division	Teleorman	#3d9b75
division	Telsiai	#3f8f72
division	Telsiai Apskritis	#3f8f72
division	Temara	#3a97a5
division	Tennessee	#6c3ba3
division	Teramo	#3d9c88
division	Terengganu	#97c22e
division	Ternopil Region	#3e9571
division	Tervuren	#3e948f
division	Tessin	#3d988d
division	Tete	#22d776
division	Tetouan	#3b98a3
division	Tetovo	#3c9d7d
division	Texas	#8439a8
division	Thaa Atoll	#4dc52d
division	Thai Binh	#95b336
division	Thai Nguyen	#93b136
division	Thailand	#8db833
division	Thanh Hoa	#94b335
division	The Marches	#3d9b88
division	Thessaloniki	#3c9e7a
division	Thessaly	#3c9f7c
division	Thies	#3390b8
division	Thimphu	#70ac38
division	Thrace	#3c9e7a
division	Thuin	#3e9490
division	Thurgau	#3e978b
division	Thuringia	#3e9486
division	Tianjin	#9ba03c
division	Tiapoum	#2eb8c2
division	Ticino	#3d988d
division	Tielt	#3e9490
division	Tienen	#3e948e
division	Tierra del Fuego	#2801fe
division	Tilburg	#3e938d
division	Timbuktu	#34aeb6
division	Timis	#3d9979
division	Timisoara	#3d997a
division	Timor-Leste	#d0c026
division	Tindouf	#389dab
division	Tinghir	#399ba7
division	Tipaza	#3ba2a0
division	Tipperary	#3e8592
division	Tirana	#3c9e7f
division	Tirat Zvi	#3aa768
division	Tissemsilt	#3ba3a2
division	Tizi-Ouzou	#3ba29d
division	Tiznit	#3995a9
division	Tlaxcala	#8935b4
division	Tlemcen	#3ba0a4
division	Tlhareseleele	#1ae18f
division	Toamasina	#20da43
division	Tocantins	#2543d2
division	Tochigi	#a3813b
division	Togo	#30bebe
division	Tohoku	#9e7c3c
division	Tokat	#3c9f64
division	Tokushima	#a58b3a
division	Tokyo	#a3813b
division	Toledo	#7534b7
division	Toledo BZ	#7634b7
division	Tolemaida	#562ec3
division	Toliara	#1cdf54
division	Tolima	#572ec3
division	Tomislavgrad	#3d9b81
division	Tongeren	#3e948e
division	Topolcany	#3e967d
division	Totonicapan	#7c33b8
division	Tottori	#a48c3b
division	Touba	#3393b8
division	Touggourt	#3aa69d
division	Tougue	#329ebc
division	Toulouse	#3d9b9b
division	Tournai	#3e9491
division	Tournai-Mouscron	#3e9491
division	Toyama	#a2853b
division	Tozeur	#3aa598
division	Trang	#8ec030
division	Trans-Nzoia	#2cc66e
division	Trat	#92bb32
division	Travinh	#9cbd31
division	Travnik	#3d9b80
division	Trebnje	#3d9983
division	Treinta y Tres	#1424e9
division	Trencianska Tepla	#3e967d
division	Trenčín	#3e967d
division	Trentino	#3d9989
division	Trentino-Alto Adige	#3d9889
division	Triesen	#3d988b
division	Trincomalee	#61bf30
division	Trinidad	#3731bd
division	Trinidad and Tobago	#3731bc
division	Tripoli	#3aa690
division	Tripura	#75af37
division	Trnava	#3e967e
division	Trois-Rivières	#3a34b7
division	Troms Og Finnmark	#408168
division	Trondelag	#40877c
division	Trondheim	#40877c
division	Trutnov District	#3e947f
division	Tshesebe	#1edc88
division	Tshidilamolomo	#1ae192
division	Tubas	#3aa768
division	Tubize	#3e948f
division	Tucuman	#2f19e2
division	Tula Region	#3f915f
division	Tulcea	#3d9a6f
division	Tulkarem	#3aa769
division	Tumbes	#6529cb
division	Tungurahua	#6429cb
division	Tunis	#3ba292
division	Tunisia	#3aa597
division	Turkana	#2dc46b
division	Turkey	#3ca067
division	Turkistan Region	#489c3c
division	Turks and Caicos Islands	#5136b1
division	Turnhout	#3e938e
division	Tuscany	#3d9b8b
division	Tuyen Quang	#92b136
division	Tuzla	#3d9a7f
division	Tver	#3f8e62
division	Tveria	#3aa667
division	Tvrdosin	#3e957a
division	Tvrdosovce	#3e977d
division	Tyr	#3aa668
division	Tyrol	#3d9888
division	Tyumen Region	#4c8c3f
division	Uasin Gishu	#2cc76e
division	Ubonratchathani	#96b833
division	Ucayali	#5026d0
division	Udmurtian Republic	#3f8d49
division	Udon Thani	#8fb634
division	Uganda	#2cc675
division	Uhlirske Janovice	#3e9580
division	Uige	#27cfa8
division	United Kingdom	#3f8c90
division	Ukraine	#3e9569
division	Ulcinj	#3c9d7f
division	Ulyanovsk Oblast	#3f9151
division	Umbria	#3d9c8a
division	Una-Sana	#3d9a83
division	Unhost	#3e9582
division	Union of the Comoros	#24d454
division	United Arab Emirates	#37b044
division	United Kingdom	#3f8c90
division	Upper Austria	#3e9783
division	Upper Austria / Voecklabruck / Voecklamarkt	#3e9784
division	Upper East Region	#31b8bc
division	Upper West Region	#31b6bd
division	Uppsala	#3f8b76
division	Uri	#3d988c
division	Urmia	#3ba156
division	Uruguay	#141ee9
division	USA	#7f3ca0
division	Ustecky Region	#3e9482
division	Usti nad Labem	#3e9481
division	Usulutan	#7632ba
division	Utah	#943c9f
division	Utena	#3f8f6e
division	Utena Apskritis	#3f8f6e
division	Uthai Thani	#89b833
division	Utrecht	#3e938d
division	Uttar Pradesh	#5fac38
division	Uttaradit	#8ab634
division	Uttarakhand	#5ca939
division	Uusimaa	#3f8a6c
division	Uva Province	#62c02f
division	Uzbekistan	#429e3c
division	Uzhgorod	#3e9677
division	Uzice	#3d9b7d
division	Vaavu Atoll	#4ec42d
division	Vaduz	#3d988b
division	Västra Götaland	#3f8c7d
division	Vakinankaratra	#1fdb4a
division	Valais	#3d998f
division	Valcea	#3d9974
division	Valga	#3f8d6c
division	Valle	#7432ba
division	Valle D'Aosta	#3d998f
division	Valle del Cauca	#5a2ec4
division	Vallée du Bandama	#30b1bf
division	Valparaiso	#4214e9
division	Valverde	#4f35b4
division	Vanuatu	#d84521
division	Varazdin	#3d9881
division	Varaždin County	#3d9981
division	Vardar	#3c9d7b
division	Varmland	#3f8b7b
division	Varna	#3d9c71
division	Vas	#3d9880
division	Vaslui	#3d986f
division	Vasterbotten	#408672
division	Vasternorrland	#408773
division	Vastmanland	#3f8b78
division	Vastra Gotaland	#3f8c7d
division	Vaud	#3d9890
division	Vaupes	#4b2cc7
division	Vavuniya	#5fbe30
division	Važec	#3e967a
division	Velenje	#3d9883
division	Veliko Tyrnovo	#3d9c74
division	Velke Prilepy	#3e9581
division	Velký Harcáš	#3e977d
division	Velky Krtis	#3e977b
division	Veneto	#3d9988
division	Venezuela	#4130bf
division	Veracruz	#8635b4
division	Veraguas	#6630bf
division	Veria	#3c9e7b
division	Vermont	#533d9a
division	Verona	#3d998a
division	Verviers	#3e948d
division	Vestfold Og Telemark	#3f8b81
division	Vestland	#3f8a83
division	Vestlandet	#3f8a83
division	Veszprém County	#3d987e
division	Veurne	#3e9491
division	Vichada	#492ec2
division	Victoria	#ed9511
division	Vidin	#3d9b78
division	Vidzeme	#3f8d6d
division	Vienna	#3e9780
division	Vientiane	#8fb534
division	Vietnam	#9bb734
division	Vieux Habitants	#3a34b7
division	Vihiga	#2cc76f
division	Viken	#3f8b7f
division	Vilimalé	#4ec32e
division	Viljandi	#3f8c6c
division	Vilkaviskis	#3f9072
division	Villa Nueva	#7a33b9
division	Villavicencio	#532ec3
division	Vilniaus Apskritis	#3f906f
division	Vilnius	#3f906f
division	Vilnius County	#3f906f
division	Vinh Long	#9bbd31
division	Vinhphuc	#93b236
division	Vinnytsia	#3e966d
division	Virgin Islands	#4235b5
division	Virginia	#5c3ba1
division	Virovitica-Podravina County	#3d9980
division	Virton	#3e958f
division	Vitebsk Region	#3f8f6a
division	Vitez	#3d9b80
division	Vlaams-Brabant	#3e948e
division	Vlaanderen	#3e948f
division	Vladimir Region	#3f8f5a
division	Vogosca	#3d9b80
division	Vojvodina	#3d997c
division	Volga Federal District	#3f8f4c
division	Volgograd Region	#3e9556
division	Vologda	#3f8b5a
division	Vologda Oblast	#3f8b55
division	Volta	#2fbfc1
division	Volta Region	#2fbcc0
division	Volyn	#3e9471
division	Vorarlberg	#3d988a
division	Voronezh	#3e945c
division	Vrancea	#3d9a78
division	Vranje	#3d9c7b
division	Vratsa	#3d9b77
division	Vukovar-Srijem County	#3d9a7e
division	Vushtrri	#3d9c7c
division	Vysocina Region	#3e9580
division	Võru	#3f8d6b
division	Waikato	#ee2110
division	Wairarapa	#f11e0d
division	Waitemata	#ec2511
division	Wajir	#2dc561
division	Wakayama	#a58a3a
division	Wake Island	#b45135
division	Wales	#3e8c92
division	Wallis and Futuna	#d52329
division	Wallis and Futuna Islands	#d52329
division	Wallonia	#3e958e
division	Wangdue	#71ac38
division	Waremme	#3e948e
division	Warminsko-Mazurskie	#3f9175
division	Warwick	#453aa7
division	Washington	#983d95
division	Washington DC	#5b3ca0
division	Waterford	#3e8792
division	Wele Nzas	#2cc6ac
division	Wellington	#f1210d
division	Werda	#1be197
division	West Azarbayjan	#3ba156
division	West Bank	#3aa768
division	West Bengal	#6eb037
division	West Coast	#f22d0c
division	West Coast Region	#32ba97
division	West Herzegovina	#3d9b81
division	West Java	#abce27
division	West Kalimantan	#adc92b
division	West-Kazakhstan Region	#3e954d
division	West New Britain	#cd7c28
division	West Nusa Tenggara	#c7d026
division	West Papua	#c9a72b
division	West Pokot	#2dc56e
division	West Region	#2ec2aa
division	West Sulawesi	#c7ca2a
division	West Sumatra	#93c92b
division	West Virginia	#613ca0
division	West-Vlaanderen	#3e9491
division	Western	#21d792
division	Western Area	#309dbf
division	Western Australia	#e3dc19
division	Western Cape Province	#14e9a5
division	Western Greece	#3ba17e
division	Western Kordofan	#32bb7c
division	Western Macedonia	#3c9e7d
division	Western North Region	#2fb8c1
division	Western Pomerania	#3f9180
division	Western Province	#5ec02f
division	Western Region	#2ebac2
division	Western Visayas	#bdb731
division	Western Zambia	#21d792
division	Westmeath	#3f8691
division	Wexford	#3e8892
division	Whanganui	#f0210e
division	Wicklow	#3e8892
division	Wielkopolskie	#3e927b
division	Wilayah Persekutuan	#95c42d
division	Willemstad	#4932bb
division	Windward Islands	#d92079
division	Wisconsin	#6d3d9a
division	Wyoming	#8a3d9c
division	Xainyabouli	#8cb435
division	Xanthi	#3c9e77
division	Xieng Khouang	#90b435
division	Xinjiang	#649c3c
division	Yala	#92c12f
division	Yamagata	#a17f3b
division	Yamaguchi	#a5913a
division	Yamalo-Nenets	#4f8340
division	Yamalo-Nenets Autonomous Okrug	#4f8340
division	Yamanashi	#a3833b
division	Yambol	#3c9c73
division	Yamoussoukro	#2fb1c0
division	Yangon	#82b634
division	Yaoundé	#2ec3a9
division	Yap	#be9431
division	Yaracuy	#4931bd
division	Yaroslavl	#3f8d5b
division	Yasothon	#94b734
division	Yasuj	#39a84a
division	Yavne	#3aa769
division	Yazd	#39a745
division	Yemen	#34b750
division	Yen Bai	#91b136
division	Yerevan	#3c9f57
division	Yeumbeul	#338fb8
division	Yogyakarta	#b3cf27
division	Yoro	#7333b8
division	Yucatan	#7536b2
division	Yunnan	#89ae37
division	Zabaykalsky Krai	#8c923e
division	Zabiedovo	#3e957a
division	Zabreh Na Morave	#3e957e
division	Zabrezi	#3e947f
division	Zacapa	#7833b8
division	Zacatecas	#9136b0
division	Zachodniopomorskie	#3f917d
division	Zadar County	#3d9b84
division	Zaghouen	#3ba393
division	Zagora	#399ca9
division	Zagreb	#3d9982
division	Zagreb County	#3d9982
division	Zaire	#28ceab
division	Zakarpattia	#3e9675
division	Zambezi	#20d991
division	Zambezia	#21d86a
division	Zambia	#22d686
division	Zamboanga Peninsula	#bfba30
division	Zamfara State	#32bbaf
division	Zamora-Chinchipe	#6029cb
division	Zanjan	#3ba250
division	Zarqa	#3aa767
division	Zasavska	#3d9983
division	Zavidovici	#3d9a80
division	Zeeland	#3e938f
division	Zefat	#3aa668
division	Zelezniki	#3d9984
division	Zemgale	#3f8e6e
division	Zenica	#3d9b80
division	Zenica-Doboj	#3d9b80
division	Zepce	#3d9a80
division	Zhejiang	#aaaa39
division	Zhytomyr Region	#3e946c
division	Zielonogorskie	#3e927e
division	Ziguinchor	#3293bb
division	Zilina	#3e967b
division	Zimbabwe	#20da80
division	Zinder	#33b9a7
division	Ziri	#3d9985
division	Zlatibor District	#3d9b7e
division	Zlin	#3e967d
division	Zlín Region	#3e967d
division	Zlonice	#3e9481
division	Zolder	#3e948e
division	Zou	#2fc0bd
division	Zuenoula	#30afc0
division	Zürich	#3e978c
division	Zug	#3d988c
division	Zulia	#5131bd
division	Zvolen	#3e967b
division	Karas	#19e3aa
division	Chukotka Region	#844940
division	unassigned	#AAAAAA
